,row,col,row_ith,col_ith,value,align_x,align_y,angle,ang_con,angle,bar_pos_indicator
82,1.72,0.84,40,18,sp,2.16,-0.48,347,0,347.4711923,0
83,1.72,0.88,40,19,sp,2.16,-0.36,351,0,350.5376778,0
89,1.72,1.12,40,25,sp,2.16,0.36,9,0,9.462322208,0
90,1.72,1.16,40,26,sp,2.16,0.48,13,0,12.52880771,0
91,1.76,0.84,41,18,sp,2.28,-0.48,348,0,348.111342,0
92,1.76,0.88,41,19,sp,2.28,-0.36,351,0,351.0273734,0
93,1.76,0.92,41,20,sp,2.28,-0.24,354,0,353.990994,0
94,1.76,0.96,41,21,sp,2.28,-0.12,357,0,356.9872125,0
95,1.76,1,41,22,sp,2.28,-4.44E-16,360,0,0,0
96,1.76,1.04,41,23,sp,2.28,0.12,3,0,3.012787504,1
97,1.76,1.08,41,24,sp,2.28,0.24,6,0,6.009005957,0
98,1.76,1.12,41,25,sp,2.28,0.36,9,0,8.972626615,0
99,1.76,1.16,41,26,sp,2.28,0.48,12,0,11.88865804,0
100,1.8,0.8,42,17,sp,2.4,-0.6,346,0,345.9637565,0
101,1.8,0.84,42,18,sp,2.4,-0.48,349,0,348.6900675,0
102,1.8,0.88,42,19,sp,2.4,-0.36,351,0,351.4692344,0
103,1.8,0.92,42,20,sp,2.4,-0.24,354,0,354.2894069,0
104,1.8,0.96,42,21,sp,2.4,-0.12,357,0,357.1375948,0
105,1.8,1,42,22,sp,2.4,-4.44E-16,360,0,0,0
106,1.8,1.04,42,23,sp,2.4,0.12,3,0,2.862405226,0
107,1.8,1.08,42,24,sp,2.4,0.24,6,0,5.710593137,0
108,1.8,1.12,42,25,sp,2.4,0.36,9,0,8.53076561,0
109,1.8,1.16,42,26,sp,2.4,0.48,11,0,11.30993247,0
110,1.8,1.2,42,27,sp,2.4,0.6,14,0,14.03624347,0
200,1.56,1.48,36,34,sp,1.68,1.44,41,30,40.60129465,0
201,1.56,1.52,36,35,sp,1.68,1.56,43,30,42.8789036,0
207,1.6,1.4,37,32,sp,1.8,1.2,34,30,33.69006753,0
208,1.6,1.44,37,33,sp,1.8,1.32,36,30,36.25383774,0
209,1.6,1.48,37,34,sp,1.8,1.44,39,30,38.65980825,0
210,1.6,1.52,37,35,sp,1.8,1.56,41,30,40.91438322,0
211,1.6,1.56,37,36,sp,1.8,1.68,43,30,43.02506599,0
216,1.64,1.36,38,31,sp,1.92,1.08,29,30,29.35775354,0
217,1.64,1.4,38,32,sp,1.92,1.2,32,30,32.00538321,0
218,1.64,1.44,38,33,sp,1.92,1.32,35,30,34.50852299,0
219,1.64,1.48,38,34,sp,1.92,1.44,37,30,36.86989765,0
220,1.64,1.52,38,35,sp,1.92,1.56,39,30,39.09385889,0
221,1.64,1.56,38,36,sp,1.92,1.68,41,30,41.18592517,0
224,1.68,1.24,39,28,sp,2.04,0.72,19,30,19.44003483,0
225,1.68,1.28,39,29,sp,2.04,0.84,22,30,22.38013505,0
226,1.68,1.32,39,30,sp,2.04,0.96,25,30,25.20112365,0
227,1.68,1.36,39,31,sp,2.04,1.08,28,30,27.89727103,0
228,1.68,1.4,39,32,sp,2.04,1.2,30,30,30.46554492,1
229,1.68,1.44,39,33,sp,2.04,1.32,33,30,32.90524292,0
230,1.68,1.48,39,34,sp,2.04,1.44,35,30,35.21759297,0
235,1.72,1.2,40,27,sp,2.16,0.6,16,30,15.524111,0
236,1.72,1.24,40,28,sp,2.16,0.72,18,30,18.43494882,0
237,1.72,1.28,40,29,sp,2.16,0.84,21,30,21.25050551,0
238,1.72,1.32,40,30,sp,2.16,0.96,24,30,23.96248897,0
239,1.72,1.36,40,31,sp,2.16,1.08,27,30,26.56505118,0
240,1.72,1.4,40,32,sp,2.16,1.2,29,30,29.0546041,0
241,1.72,1.44,40,33,sp,2.16,1.32,31,30,31.42956561,0
248,1.76,1.24,41,28,sp,2.28,0.72,18,30,17.52556837,0
249,1.76,1.28,41,29,sp,2.28,0.84,20,30,20.22485943,0
250,1.76,1.32,41,30,sp,2.28,0.96,23,30,22.83365418,0
251,1.76,1.36,41,31,sp,2.28,1.08,25,30,25.34617594,0
261,1.8,1.24,42,28,sp,2.4,0.72,17,30,16.69924423,0
341,1.2,1.72,27,40,sp,0.6,2.16,74,60,74.475889,0
352,1.24,1.68,28,39,sp,0.72,2.04,71,60,70.55996517,0
353,1.24,1.72,28,40,sp,0.72,2.16,72,60,71.56505118,0
354,1.24,1.76,28,41,sp,0.72,2.28,72,60,72.47443163,0
355,1.24,1.8,28,42,sp,0.72,2.4,73,60,73.30075577,0
366,1.28,1.68,29,39,sp,0.84,2.04,68,60,67.61986495,0
367,1.28,1.72,29,40,sp,0.84,2.16,69,60,68.74949449,0
368,1.28,1.76,29,41,sp,0.84,2.28,70,60,69.77514057,0
380,1.32,1.68,30,39,sp,0.96,2.04,65,60,64.79887635,0
381,1.32,1.72,30,40,sp,0.96,2.16,66,60,66.03751103,0
382,1.32,1.76,30,41,sp,0.96,2.28,67,60,67.16634582,0
392,1.36,1.64,31,38,sp,1.08,1.92,61,60,60.64224646,0
393,1.36,1.68,31,39,sp,1.08,2.04,62,60,62.10272897,0
394,1.36,1.72,31,40,sp,1.08,2.16,63,60,63.43494882,0
395,1.36,1.76,31,41,sp,1.08,2.28,65,60,64.65382406,0
403,1.4,1.6,32,37,sp,1.2,1.8,56,60,56.30993247,0
404,1.4,1.64,32,38,sp,1.2,1.92,58,60,57.99461679,0
405,1.4,1.68,32,39,sp,1.2,2.04,60,60,59.53445508,1
406,1.4,1.72,32,40,sp,1.2,2.16,61,60,60.9453959,0
414,1.44,1.6,33,37,sp,1.32,1.8,54,60,53.74616226,0
415,1.44,1.64,33,38,sp,1.32,1.92,55,60,55.49147701,0
416,1.44,1.68,33,39,sp,1.32,2.04,57,60,57.09475708,0
417,1.44,1.72,33,40,sp,1.32,2.16,59,60,58.57043439,0
423,1.48,1.56,34,36,sp,1.44,1.68,49,60,49.39870535,0
424,1.48,1.6,34,37,sp,1.44,1.8,51,60,51.34019175,0
425,1.48,1.64,34,38,sp,1.44,1.92,53,60,53.13010235,0
426,1.48,1.68,34,39,sp,1.44,2.04,55,60,54.78240703,0
432,1.52,1.56,35,36,sp,1.56,1.68,47,60,47.1210964,0
433,1.52,1.6,35,37,sp,1.56,1.8,49,60,49.08561678,0
434,1.52,1.64,35,38,sp,1.56,1.92,51,60,50.90614111,0
441,1.56,1.6,36,37,sp,1.68,1.8,47,60,46.97493401,0
442,1.56,1.64,36,38,sp,1.68,1.92,49,60,48.81407483,0
477,0.8,1.8,17,42,sp,-0.6,2.4,104,90,104.0362435,0
482,0.84,1.72,18,40,sp,-0.48,2.16,103,90,102.5288077,0
483,0.84,1.76,18,41,sp,-0.48,2.28,102,90,101.888658,0
484,0.84,1.8,18,42,sp,-0.48,2.4,101,90,101.3099325,0
493,0.88,1.72,19,40,sp,-0.36,2.16,99,90,99.46232221,0
494,0.88,1.76,19,41,sp,-0.36,2.28,99,90,98.97262661,0
495,0.88,1.8,19,42,sp,-0.36,2.4,99,90,98.53076561,0
509,0.92,1.76,20,41,sp,-0.24,2.28,96,90,96.00900596,0
510,0.92,1.8,20,42,sp,-0.24,2.4,96,90,95.71059314,0
528,0.96,1.76,21,41,sp,-0.12,2.28,93,90,93.0127875,0
529,0.96,1.8,21,42,sp,-0.12,2.4,93,90,92.86240523,0
550,1,1.76,22,41,sp,-4.44E-16,2.28,90,90,90,1
551,1,1.8,22,42,sp,-4.44E-16,2.4,90,90,90,0
569,1.04,1.76,23,41,sp,0.12,2.28,87,90,86.9872125,0
570,1.04,1.8,23,42,sp,0.12,2.4,87,90,87.13759477,0
584,1.08,1.76,24,41,sp,0.24,2.28,84,90,83.99099404,0
585,1.08,1.8,24,42,sp,0.24,2.4,84,90,84.28940686,0
594,1.12,1.72,25,40,sp,0.36,2.16,81,90,80.53767779,0
595,1.12,1.76,25,41,sp,0.36,2.28,81,90,81.02737339,0
596,1.12,1.8,25,42,sp,0.36,2.4,81,90,81.46923439,0
601,1.16,1.72,26,40,sp,0.48,2.16,77,90,77.47119229,0
602,1.16,1.76,26,41,sp,0.48,2.28,78,90,78.11134196,0
603,1.16,1.8,26,42,sp,0.48,2.4,79,90,78.69006753,0
606,1.2,1.8,27,42,sp,0.6,2.4,76,90,75.96375653,0
637,0.44,1.6,8,37,sp,-1.68,1.8,133,120,133.025066,0
638,0.44,1.64,8,38,sp,-1.68,1.92,131,120,131.1859252,0
645,0.48,1.56,9,36,sp,-1.56,1.68,133,120,132.8789036,0
646,0.48,1.6,9,37,sp,-1.56,1.8,131,120,130.9143832,0
647,0.48,1.64,9,38,sp,-1.56,1.92,129,120,129.0938589,0
655,0.52,1.56,10,36,sp,-1.44,1.68,131,120,130.6012946,0
656,0.52,1.6,10,37,sp,-1.44,1.8,129,120,128.6598083,0
657,0.52,1.64,10,38,sp,-1.44,1.92,127,120,126.8698976,0
658,0.52,1.68,10,39,sp,-1.44,2.04,125,120,125.217593,0
667,0.56,1.6,11,37,sp,-1.32,1.8,126,120,126.2538377,0
668,0.56,1.64,11,38,sp,-1.32,1.92,125,120,124.508523,0
669,0.56,1.68,11,39,sp,-1.32,2.04,123,120,122.9052429,0
670,0.56,1.72,11,40,sp,-1.32,2.16,121,120,121.4295656,0
679,0.6,1.6,12,37,sp,-1.2,1.8,124,120,123.6900675,0
680,0.6,1.64,12,38,sp,-1.2,1.92,122,120,122.0053832,0
681,0.6,1.68,12,39,sp,-1.2,2.04,120,120,120.4655449,1
682,0.6,1.72,12,40,sp,-1.2,2.16,119,120,119.0546041,0
693,0.64,1.64,13,38,sp,-1.08,1.92,119,120,119.3577535,0
694,0.64,1.68,13,39,sp,-1.08,2.04,118,120,117.897271,0
695,0.64,1.72,13,40,sp,-1.08,2.16,117,120,116.5650512,0
696,0.64,1.76,13,41,sp,-1.08,2.28,115,120,115.3461759,0
708,0.68,1.68,14,39,sp,-0.96,2.04,115,120,115.2011236,0
709,0.68,1.72,14,40,sp,-0.96,2.16,114,120,113.962489,0
710,0.68,1.76,14,41,sp,-0.96,2.28,113,120,112.8336542,0
723,0.72,1.68,15,39,sp,-0.84,2.04,112,120,112.3801351,0
724,0.72,1.72,15,40,sp,-0.84,2.16,111,120,111.2505055,0
725,0.72,1.76,15,41,sp,-0.84,2.28,110,120,110.2248594,0
739,0.76,1.68,16,39,sp,-0.72,2.04,109,120,109.4400348,0
740,0.76,1.72,16,40,sp,-0.72,2.16,108,120,108.4349488,0
741,0.76,1.76,16,41,sp,-0.72,2.28,108,120,107.5255684,0
742,0.76,1.8,16,42,sp,-0.72,2.4,107,120,106.6992442,0
756,0.8,1.72,17,40,sp,-0.6,2.16,106,120,105.524111,0
811,0.2,1.24,2,28,sp,-2.4,0.72,163,150,163.3007558,0
825,0.24,1.24,3,28,sp,-2.28,0.72,162,150,162.4744316,0
826,0.24,1.28,3,29,sp,-2.28,0.84,160,150,159.7751406,0
827,0.24,1.32,3,30,sp,-2.28,0.96,157,150,157.1663458,0
828,0.24,1.36,3,31,sp,-2.28,1.08,155,150,154.6538241,0
838,0.28,1.2,4,27,sp,-2.16,0.6,164,150,164.475889,0
839,0.28,1.24,4,28,sp,-2.16,0.72,162,150,161.5650512,0
840,0.28,1.28,4,29,sp,-2.16,0.84,159,150,158.7494945,0
841,0.28,1.32,4,30,sp,-2.16,0.96,156,150,156.037511,0
842,0.28,1.36,4,31,sp,-2.16,1.08,153,150,153.4349488,0
843,0.28,1.4,4,32,sp,-2.16,1.2,151,150,150.9453959,0
844,0.28,1.44,4,33,sp,-2.16,1.32,149,150,148.5704344,0
852,0.32,1.24,5,28,sp,-2.04,0.72,161,150,160.5599652,0
853,0.32,1.28,5,29,sp,-2.04,0.84,158,150,157.6198649,0
854,0.32,1.32,5,30,sp,-2.04,0.96,155,150,154.7988764,0
855,0.32,1.36,5,31,sp,-2.04,1.08,152,150,152.102729,0
856,0.32,1.4,5,32,sp,-2.04,1.2,150,150,149.5344551,1
857,0.32,1.44,5,33,sp,-2.04,1.32,147,150,147.0947571,0
858,0.32,1.48,5,34,sp,-2.04,1.44,145,150,144.782407,0
867,0.36,1.36,6,31,sp,-1.92,1.08,151,150,150.6422465,0
868,0.36,1.4,6,32,sp,-1.92,1.2,148,150,147.9946168,0
869,0.36,1.44,6,33,sp,-1.92,1.32,145,150,145.491477,0
870,0.36,1.48,6,34,sp,-1.92,1.44,143,150,143.1301024,0
871,0.36,1.52,6,35,sp,-1.92,1.56,141,150,140.9061411,0
872,0.36,1.56,6,36,sp,-1.92,1.68,139,150,138.8140748,0
879,0.4,1.4,7,32,sp,-1.8,1.2,146,150,146.3099325,0
880,0.4,1.44,7,33,sp,-1.8,1.32,144,150,143.7461623,0
881,0.4,1.48,7,34,sp,-1.8,1.44,141,150,141.3401917,0
882,0.4,1.52,7,35,sp,-1.8,1.56,139,150,139.0856168,0
883,0.4,1.56,7,36,sp,-1.8,1.68,137,150,136.974934,0
892,0.44,1.48,8,34,sp,-1.68,1.44,139,150,139.3987054,0
893,0.44,1.52,8,35,sp,-1.68,1.56,137,150,137.1210964,0
975,0.2,0.8,2,17,sp,-2.4,-0.6,194,180,194.0362435,0
976,0.2,0.84,2,18,sp,-2.4,-0.48,191,180,191.3099325,0
977,0.2,0.88,2,19,sp,-2.4,-0.36,189,180,188.5307656,0
978,0.2,0.92,2,20,sp,-2.4,-0.24,186,180,185.7105931,0
979,0.2,0.96,2,21,sp,-2.4,-0.12,183,180,182.8624052,0
980,0.2,1,2,22,sp,-2.4,-4.44E-16,180,180,180,1
981,0.2,1.04,2,23,sp,-2.4,0.12,177,180,177.1375948,0
982,0.2,1.08,2,24,sp,-2.4,0.24,174,180,174.2894069,0
983,0.2,1.12,2,25,sp,-2.4,0.36,171,180,171.4692344,0
984,0.2,1.16,2,26,sp,-2.4,0.48,169,180,168.6900675,0
985,0.2,1.2,2,27,sp,-2.4,0.6,166,180,165.9637565,0
986,0.24,0.84,3,18,sp,-2.28,-0.48,192,180,191.888658,0
987,0.24,0.88,3,19,sp,-2.28,-0.36,189,180,188.9726266,0
988,0.24,0.92,3,20,sp,-2.28,-0.24,186,180,186.009006,0
989,0.24,0.96,3,21,sp,-2.28,-0.12,183,180,183.0127875,0
990,0.24,1,3,22,sp,-2.28,-4.44E-16,180,180,180,0
991,0.24,1.04,3,23,sp,-2.28,0.12,177,180,176.9872125,0
992,0.24,1.08,3,24,sp,-2.28,0.24,174,180,173.990994,0
993,0.24,1.12,3,25,sp,-2.28,0.36,171,180,171.0273734,0
994,0.24,1.16,3,26,sp,-2.28,0.48,168,180,168.111342,0
995,0.28,0.84,4,18,sp,-2.16,-0.48,193,180,192.5288077,0
996,0.28,0.88,4,19,sp,-2.16,-0.36,189,180,189.4623222,0
1002,0.28,1.12,4,25,sp,-2.16,0.36,171,180,170.5376778,0
1003,0.28,1.16,4,26,sp,-2.16,0.48,167,180,167.4711923,0
1128,0.2,0.76,2,16,sp,-2.4,-0.72,197,210,196.6992442,0
1138,0.24,0.64,3,13,sp,-2.28,-1.08,205,210,205.3461759,0
1139,0.24,0.68,3,14,sp,-2.28,-0.96,203,210,202.8336542,0
1140,0.24,0.72,3,15,sp,-2.28,-0.84,200,210,200.2248594,0
1141,0.24,0.76,3,16,sp,-2.28,-0.72,198,210,197.5255684,0
1148,0.28,0.56,4,11,sp,-2.16,-1.32,211,210,211.4295656,0
1149,0.28,0.6,4,12,sp,-2.16,-1.2,209,210,209.0546041,0
1150,0.28,0.64,4,13,sp,-2.16,-1.08,207,210,206.5650512,0
1151,0.28,0.68,4,14,sp,-2.16,-0.96,204,210,203.962489,0
1152,0.28,0.72,4,15,sp,-2.16,-0.84,201,210,201.2505055,0
1153,0.28,0.76,4,16,sp,-2.16,-0.72,198,210,198.4349488,0
1154,0.28,0.8,4,17,sp,-2.16,-0.6,196,210,195.524111,0
1159,0.32,0.52,5,10,sp,-2.04,-1.44,215,210,215.217593,0
1160,0.32,0.56,5,11,sp,-2.04,-1.32,213,210,212.9052429,0
1161,0.32,0.6,5,12,sp,-2.04,-1.2,210,210,210.4655449,1
1162,0.32,0.64,5,13,sp,-2.04,-1.08,208,210,207.897271,0
1163,0.32,0.68,5,14,sp,-2.04,-0.96,205,210,205.2011236,0
1164,0.32,0.72,5,15,sp,-2.04,-0.84,202,210,202.3801351,0
1165,0.32,0.76,5,16,sp,-2.04,-0.72,199,210,199.4400348,0
1168,0.36,0.44,6,8,sp,-1.92,-1.68,221,210,221.1859252,0
1169,0.36,0.48,6,9,sp,-1.92,-1.56,219,210,219.0938589,0
1170,0.36,0.52,6,10,sp,-1.92,-1.44,217,210,216.8698976,0
1171,0.36,0.56,6,11,sp,-1.92,-1.32,215,210,214.508523,0
1172,0.36,0.6,6,12,sp,-1.92,-1.2,212,210,212.0053832,0
1173,0.36,0.64,6,13,sp,-1.92,-1.08,209,210,209.3577535,0
1178,0.4,0.44,7,8,sp,-1.8,-1.68,223,210,223.025066,0
1179,0.4,0.48,7,9,sp,-1.8,-1.56,221,210,220.9143832,0
1180,0.4,0.52,7,10,sp,-1.8,-1.44,219,210,218.6598083,0
1181,0.4,0.56,7,11,sp,-1.8,-1.32,216,210,216.2538377,0
1182,0.4,0.6,7,12,sp,-1.8,-1.2,214,210,213.6900675,0
1188,0.44,0.48,8,9,sp,-1.68,-1.56,223,210,222.8789036,0
1189,0.44,0.52,8,10,sp,-1.68,-1.44,221,210,220.6012946,0
1291,0.44,0.36,8,6,sp,-1.68,-1.92,229,240,228.8140748,0
1292,0.44,0.4,8,7,sp,-1.68,-1.8,227,240,226.974934,0
1299,0.48,0.36,9,6,sp,-1.56,-1.92,231,240,230.9061411,0
1300,0.48,0.4,9,7,sp,-1.56,-1.8,229,240,229.0856168,0
1301,0.48,0.44,9,8,sp,-1.56,-1.68,227,240,227.1210964,0
1307,0.52,0.32,10,5,sp,-1.44,-2.04,235,240,234.782407,0
1308,0.52,0.36,10,6,sp,-1.44,-1.92,233,240,233.1301024,0
1309,0.52,0.4,10,7,sp,-1.44,-1.8,231,240,231.3401917,0
1310,0.52,0.44,10,8,sp,-1.44,-1.68,229,240,229.3987054,0
1316,0.56,0.28,11,4,sp,-1.32,-2.16,239,240,238.5704344,0
1317,0.56,0.32,11,5,sp,-1.32,-2.04,237,240,237.0947571,0
1318,0.56,0.36,11,6,sp,-1.32,-1.92,235,240,235.491477,0
1319,0.56,0.4,11,7,sp,-1.32,-1.8,234,240,233.7461623,0
1327,0.6,0.28,12,4,sp,-1.2,-2.16,241,240,240.9453959,0
1328,0.6,0.32,12,5,sp,-1.2,-2.04,240,240,239.5344551,1
1329,0.6,0.36,12,6,sp,-1.2,-1.92,238,240,237.9946168,0
1330,0.6,0.4,12,7,sp,-1.2,-1.8,236,240,236.3099325,0
1338,0.64,0.24,13,3,sp,-1.08,-2.28,245,240,244.6538241,0
1339,0.64,0.28,13,4,sp,-1.08,-2.16,243,240,243.4349488,0
1340,0.64,0.32,13,5,sp,-1.08,-2.04,242,240,242.102729,0
1341,0.64,0.36,13,6,sp,-1.08,-1.92,241,240,240.6422465,0
1351,0.68,0.24,14,3,sp,-0.96,-2.28,247,240,247.1663458,0
1352,0.68,0.28,14,4,sp,-0.96,-2.16,246,240,246.037511,0
1353,0.68,0.32,14,5,sp,-0.96,-2.04,245,240,244.7988764,0
1365,0.72,0.24,15,3,sp,-0.84,-2.28,250,240,249.7751406,0
1366,0.72,0.28,15,4,sp,-0.84,-2.16,249,240,248.7494945,0
1367,0.72,0.32,15,5,sp,-0.84,-2.04,248,240,247.6198649,0
1378,0.76,0.2,16,2,sp,-0.72,-2.4,253,240,253.3007558,0
1379,0.76,0.24,16,3,sp,-0.72,-2.28,252,240,252.4744316,0
1380,0.76,0.28,16,4,sp,-0.72,-2.16,252,240,251.5650512,0
1381,0.76,0.32,16,5,sp,-0.72,-2.04,251,240,250.5599652,0
1392,0.8,0.28,17,4,sp,-0.6,-2.16,254,240,254.475889,0
1431,0.8,0.2,17,2,sp,-0.6,-2.4,256,270,255.9637565,0
1434,0.84,0.2,18,2,sp,-0.48,-2.4,259,270,258.6900675,0
1435,0.84,0.24,18,3,sp,-0.48,-2.28,258,270,258.111342,0
1436,0.84,0.28,18,4,sp,-0.48,-2.16,257,270,257.4711923,0
1441,0.88,0.2,19,2,sp,-0.36,-2.4,261,270,261.4692344,0
1442,0.88,0.24,19,3,sp,-0.36,-2.28,261,270,261.0273734,0
1443,0.88,0.28,19,4,sp,-0.36,-2.16,261,270,260.5376778,0
1452,0.92,0.2,20,2,sp,-0.24,-2.4,264,270,264.2894069,0
1453,0.92,0.24,20,3,sp,-0.24,-2.28,264,270,263.990994,0
1467,0.96,0.2,21,2,sp,-0.12,-2.4,267,270,267.1375948,0
1468,0.96,0.24,21,3,sp,-0.12,-2.28,267,270,266.9872125,0
1486,1,0.2,22,2,sp,-4.44E-16,-2.4,270,270,270,1
1487,1,0.24,22,3,sp,-4.44E-16,-2.28,270,270,270,0
1508,1.04,0.2,23,2,sp,0.12,-2.4,273,270,272.8624052,0
1509,1.04,0.24,23,3,sp,0.12,-2.28,273,270,273.0127875,0
1527,1.08,0.2,24,2,sp,0.24,-2.4,276,270,275.7105931,0
1528,1.08,0.24,24,3,sp,0.24,-2.28,276,270,276.009006,0
1542,1.12,0.2,25,2,sp,0.36,-2.4,279,270,278.5307656,0
1543,1.12,0.24,25,3,sp,0.36,-2.28,279,270,278.9726266,0
1544,1.12,0.28,25,4,sp,0.36,-2.16,279,270,279.4623222,0
1553,1.16,0.2,26,2,sp,0.48,-2.4,281,270,281.3099325,0
1554,1.16,0.24,26,3,sp,0.48,-2.28,282,270,281.888658,0
1555,1.16,0.28,26,4,sp,0.48,-2.16,283,270,282.5288077,0
1560,1.2,0.2,27,2,sp,0.6,-2.4,284,270,284.0362435,0
1585,1.2,0.28,27,4,sp,0.6,-2.16,286,300,285.524111,0
1599,1.24,0.2,28,2,sp,0.72,-2.4,287,300,286.6992442,0
1600,1.24,0.24,28,3,sp,0.72,-2.28,288,300,287.5255684,0
1601,1.24,0.28,28,4,sp,0.72,-2.16,288,300,288.4349488,0
1602,1.24,0.32,28,5,sp,0.72,-2.04,289,300,289.4400348,0
1616,1.28,0.24,29,3,sp,0.84,-2.28,290,300,290.2248594,0
1617,1.28,0.28,29,4,sp,0.84,-2.16,291,300,291.2505055,0
1618,1.28,0.32,29,5,sp,0.84,-2.04,292,300,292.3801351,0
1631,1.32,0.24,30,3,sp,0.96,-2.28,293,300,292.8336542,0
1632,1.32,0.28,30,4,sp,0.96,-2.16,294,300,293.962489,0
1633,1.32,0.32,30,5,sp,0.96,-2.04,295,300,295.2011236,0
1645,1.36,0.24,31,3,sp,1.08,-2.28,295,300,295.3461759,0
1646,1.36,0.28,31,4,sp,1.08,-2.16,297,300,296.5650512,0
1647,1.36,0.32,31,5,sp,1.08,-2.04,298,300,297.897271,0
1648,1.36,0.36,31,6,sp,1.08,-1.92,299,300,299.3577535,0
1659,1.4,0.28,32,4,sp,1.2,-2.16,299,300,299.0546041,0
1660,1.4,0.32,32,5,sp,1.2,-2.04,300,300,300.4655449,1
1661,1.4,0.36,32,6,sp,1.2,-1.92,302,300,302.0053832,0
1662,1.4,0.4,32,7,sp,1.2,-1.8,304,300,303.6900675,0
1671,1.44,0.28,33,4,sp,1.32,-2.16,301,300,301.4295656,0
1672,1.44,0.32,33,5,sp,1.32,-2.04,303,300,302.9052429,0
1673,1.44,0.36,33,6,sp,1.32,-1.92,305,300,304.508523,0
1674,1.44,0.4,33,7,sp,1.32,-1.8,306,300,306.2538377,0
1683,1.48,0.32,34,5,sp,1.44,-2.04,305,300,305.217593,0
1684,1.48,0.36,34,6,sp,1.44,-1.92,307,300,306.8698976,0
1685,1.48,0.4,34,7,sp,1.44,-1.8,309,300,308.6598083,0
1686,1.48,0.44,34,8,sp,1.44,-1.68,311,300,310.6012946,0
1694,1.52,0.36,35,6,sp,1.56,-1.92,309,300,309.0938589,0
1695,1.52,0.4,35,7,sp,1.56,-1.8,311,300,310.9143832,0
1696,1.52,0.44,35,8,sp,1.56,-1.68,313,300,312.8789036,0
1703,1.56,0.36,36,6,sp,1.68,-1.92,311,300,311.1859252,0
1704,1.56,0.4,36,7,sp,1.68,-1.8,313,300,313.025066,0
1792,1.56,0.48,36,9,sp,1.68,-1.56,317,330,317.1210964,0
1793,1.56,0.52,36,10,sp,1.68,-1.44,319,330,319.3987054,0
1802,1.6,0.44,37,8,sp,1.8,-1.68,317,330,316.974934,0
1803,1.6,0.48,37,9,sp,1.8,-1.56,319,330,319.0856168,0
1804,1.6,0.52,37,10,sp,1.8,-1.44,321,330,321.3401917,0
1805,1.6,0.56,37,11,sp,1.8,-1.32,324,330,323.7461623,0
1806,1.6,0.6,37,12,sp,1.8,-1.2,326,330,326.3099325,0
1813,1.64,0.44,38,8,sp,1.92,-1.68,319,330,318.8140748,0
1814,1.64,0.48,38,9,sp,1.92,-1.56,321,330,320.9061411,0
1815,1.64,0.52,38,10,sp,1.92,-1.44,323,330,323.1301024,0
1816,1.64,0.56,38,11,sp,1.92,-1.32,325,330,325.491477,0
1817,1.64,0.6,38,12,sp,1.92,-1.2,328,330,327.9946168,0
1818,1.64,0.64,38,13,sp,1.92,-1.08,331,330,330.6422465,0
1827,1.68,0.52,39,10,sp,2.04,-1.44,325,330,324.782407,0
1828,1.68,0.56,39,11,sp,2.04,-1.32,327,330,327.0947571,0
1829,1.68,0.6,39,12,sp,2.04,-1.2,330,330,329.5344551,1
1830,1.68,0.64,39,13,sp,2.04,-1.08,332,330,332.102729,0
1831,1.68,0.68,39,14,sp,2.04,-0.96,335,330,334.7988764,0
1832,1.68,0.72,39,15,sp,2.04,-0.84,338,330,337.6198649,0
1833,1.68,0.76,39,16,sp,2.04,-0.72,341,330,340.5599652,0
1841,1.72,0.56,40,11,sp,2.16,-1.32,329,330,328.5704344,0
1842,1.72,0.6,40,12,sp,2.16,-1.2,331,330,330.9453959,0
1843,1.72,0.64,40,13,sp,2.16,-1.08,333,330,333.4349488,0
1844,1.72,0.68,40,14,sp,2.16,-0.96,336,330,336.037511,0
1845,1.72,0.72,40,15,sp,2.16,-0.84,339,330,338.7494945,0
1846,1.72,0.76,40,16,sp,2.16,-0.72,342,330,341.5650512,0
1847,1.72,0.8,40,17,sp,2.16,-0.6,344,330,344.475889,0
1857,1.76,0.64,41,13,sp,2.28,-1.08,335,330,334.6538241,0
1858,1.76,0.68,41,14,sp,2.28,-0.96,337,330,337.1663458,0
1859,1.76,0.72,41,15,sp,2.28,-0.84,340,330,339.7751406,0
1860,1.76,0.76,41,16,sp,2.28,-0.72,342,330,342.4744316,0
1874,1.8,0.76,42,16,sp,2.4,-0.72,343,330,343.3007558,0
1914,0.24,0.8,3,17,sp,-2.28,-0.6,195,NA,194.7435628,0
1915,0.24,1.2,3,27,sp,-2.28,0.6,165,NA,165.2564372,0
1923,0.4,0.4,7,7,sp,-1.8,-1.8,225,NA,225,0
1926,0.4,1.6,7,37,sp,-1.8,1.8,135,NA,135,0
1927,0.44,0.44,8,8,sp,-1.68,-1.68,225,NA,225,0
1928,0.44,1.56,8,36,sp,-1.68,1.68,135,NA,135,0
1929,0.48,0.48,9,9,sp,-1.56,-1.56,225,NA,225,0
1930,0.48,1.52,9,35,sp,-1.56,1.56,135,NA,135,0
1949,0.8,0.24,17,3,sp,-0.6,-2.28,255,NA,255.2564372,0
1952,0.8,1.76,17,41,sp,-0.6,2.28,105,NA,104.7435628,0
1978,1.2,0.24,27,3,sp,0.6,-2.28,285,NA,284.7435628,0
1981,1.2,1.76,27,41,sp,0.6,2.28,75,NA,75.25643716,0
2000,1.52,0.48,35,9,sp,1.56,-1.56,315,NA,315,0
2001,1.52,1.52,35,35,sp,1.56,1.56,45,NA,45,0
2002,1.56,0.44,36,8,sp,1.68,-1.68,315,NA,315,0
2003,1.56,1.56,36,36,sp,1.68,1.68,45,NA,45,0
2004,1.6,0.4,37,7,sp,1.8,-1.8,315,NA,315,0
2007,1.6,1.6,37,37,sp,1.8,1.8,45,NA,45,0
2015,1.76,0.8,41,17,sp,2.28,-0.6,345,NA,345.2564372,0
2016,1.76,1.2,41,27,sp,2.28,0.6,15,NA,14.74356284,0