row,col,row_ith,col_ith,value,align_x,align_y,angle,ang_con
1.04,1,23,22,nsp,0.12,-4.44E-16,360,0
1.08,1,24,22,nsp,0.24,-4.44E-16,360,0
1.12,1,25,22,nsp,0.36,-4.44E-16,360,0
1.16,0.96,26,21,nsp,0.48,-0.12,346,0
1.16,1,26,22,nsp,0.48,-4.44E-16,360,0
1.16,1.04,26,23,nsp,0.48,0.12,14,0
1.2,0.96,27,21,nsp,0.6,-0.12,349,0
1.2,1,27,22,nsp,0.6,-4.44E-16,360,0
1.2,1.04,27,23,nsp,0.6,0.12,11,0
1.24,0.96,28,21,nsp,0.72,-0.12,351,0
1.24,1,28,22,nsp,0.72,-4.44E-16,360,0
1.24,1.04,28,23,nsp,0.72,0.12,9,0
1.28,0.96,29,21,nsp,0.84,-0.12,352,0
1.28,1,29,22,nsp,0.84,-4.44E-16,360,0
1.28,1.04,29,23,nsp,0.84,0.12,8,0
1.32,0.92,30,20,nsp,0.96,-0.24,346,0
1.32,0.96,30,21,nsp,0.96,-0.12,353,0
1.32,1,30,22,nsp,0.96,-4.44E-16,360,0
1.32,1.04,30,23,nsp,0.96,0.12,7,0
1.32,1.08,30,24,nsp,0.96,0.24,14,0
1.36,0.92,31,20,nsp,1.08,-0.24,347,0
1.36,0.96,31,21,nsp,1.08,-0.12,354,0
1.36,1,31,22,nsp,1.08,-4.44E-16,360,0
1.36,1.04,31,23,nsp,1.08,0.12,6,0
1.36,1.08,31,24,nsp,1.08,0.24,13,0
1.4,0.92,32,20,nsp,1.2,-0.24,349,0
1.4,0.96,32,21,nsp,1.2,-0.12,354,0
1.4,1,32,22,nsp,1.2,-4.44E-16,360,0
1.4,1.04,32,23,nsp,1.2,0.12,6,0
1.4,1.08,32,24,nsp,1.2,0.24,11,0
1.44,0.92,33,20,nsp,1.32,-0.24,350,0
1.44,0.96,33,21,nsp,1.32,-0.12,355,0
1.44,1,33,22,nsp,1.32,-4.44E-16,360,0
1.44,1.04,33,23,nsp,1.32,0.12,5,0
1.44,1.08,33,24,nsp,1.32,0.24,10,0
1.48,0.88,34,19,nsp,1.44,-0.36,346,0
1.48,0.92,34,20,nsp,1.44,-0.24,351,0
1.48,0.96,34,21,nsp,1.44,-0.12,355,0
1.48,1,34,22,nsp,1.44,-4.44E-16,360,0
1.48,1.04,34,23,nsp,1.44,0.12,5,0
1.48,1.08,34,24,nsp,1.44,0.24,9,0
1.48,1.12,34,25,nsp,1.44,0.36,14,0
1.52,0.88,35,19,nsp,1.56,-0.36,347,0
1.52,0.92,35,20,nsp,1.56,-0.24,351,0
1.52,0.96,35,21,nsp,1.56,-0.12,356,0
1.52,1,35,22,nsp,1.56,-4.44E-16,360,0
1.52,1.04,35,23,nsp,1.56,0.12,4,0
1.52,1.08,35,24,nsp,1.56,0.24,9,0
1.52,1.12,35,25,nsp,1.56,0.36,13,0
1.56,0.88,36,19,nsp,1.68,-0.36,348,0
1.56,0.92,36,20,nsp,1.68,-0.24,352,0
1.56,0.96,36,21,nsp,1.68,-0.12,356,0
1.56,1,36,22,nsp,1.68,-4.44E-16,360,0
1.56,1.04,36,23,nsp,1.68,0.12,4,0
1.56,1.08,36,24,nsp,1.68,0.24,8,0
1.56,1.12,36,25,nsp,1.68,0.36,12,0
1.6,0.88,37,19,nsp,1.8,-0.36,349,0
1.6,0.92,37,20,nsp,1.8,-0.24,352,0
1.6,0.96,37,21,nsp,1.8,-0.12,356,0
1.6,1,37,22,nsp,1.8,-4.44E-16,360,0
1.6,1.04,37,23,nsp,1.8,0.12,4,0
1.6,1.08,37,24,nsp,1.8,0.24,8,0
1.6,1.12,37,25,nsp,1.8,0.36,11,0
1.64,0.84,38,18,nsp,1.92,-0.48,346,0
1.64,0.88,38,19,nsp,1.92,-0.36,349,0
1.64,0.92,38,20,nsp,1.92,-0.24,353,0
1.64,0.96,38,21,nsp,1.92,-0.12,356,0
1.64,1,38,22,nsp,1.92,-4.44E-16,360,0
1.64,1.04,38,23,nsp,1.92,0.12,4,0
1.64,1.08,38,24,nsp,1.92,0.24,7,0
1.64,1.12,38,25,nsp,1.92,0.36,11,0
1.64,1.16,38,26,nsp,1.92,0.48,14,0
1.68,0.84,39,18,nsp,2.04,-0.48,347,0
1.68,0.88,39,19,nsp,2.04,-0.36,350,0
1.68,0.92,39,20,nsp,2.04,-0.24,353,0
1.68,0.96,39,21,nsp,2.04,-0.12,357,0
1.68,1,39,22,nsp,2.04,-4.44E-16,360,0
1.68,1.04,39,23,nsp,2.04,0.12,3,0
1.68,1.08,39,24,nsp,2.04,0.24,7,0
1.68,1.12,39,25,nsp,2.04,0.36,10,0
1.68,1.16,39,26,nsp,2.04,0.48,13,0
1.72,0.84,40,18,sp,2.16,-0.48,347,0
1.72,0.88,40,19,sp,2.16,-0.36,351,0
1.72,0.92,40,20,nsp,2.16,-0.24,354,0
1.72,0.96,40,21,nsp,2.16,-0.12,357,0
1.72,1,40,22,nsp,2.16,-4.44E-16,360,0
1.72,1.04,40,23,nsp,2.16,0.12,3,0
1.72,1.08,40,24,nsp,2.16,0.24,6,0
1.72,1.12,40,25,sp,2.16,0.36,9,0
1.72,1.16,40,26,sp,2.16,0.48,13,0
1.76,0.84,41,18,sp,2.28,-0.48,348,0
1.76,0.88,41,19,sp,2.28,-0.36,351,0
1.76,0.92,41,20,sp,2.28,-0.24,354,0
1.76,0.96,41,21,sp,2.28,-0.12,357,0
1.76,1,41,22,sp,2.28,-4.44E-16,360,0
1.76,1.04,41,23,sp,2.28,0.12,3,0
1.76,1.08,41,24,sp,2.28,0.24,6,0
1.76,1.12,41,25,sp,2.28,0.36,9,0
1.76,1.16,41,26,sp,2.28,0.48,12,0
1.8,0.8,42,17,sp,2.4,-0.6,346,0
1.8,0.84,42,18,sp,2.4,-0.48,349,0
1.8,0.88,42,19,sp,2.4,-0.36,351,0
1.8,0.92,42,20,sp,2.4,-0.24,354,0
1.8,0.96,42,21,sp,2.4,-0.12,357,0
1.8,1,42,22,sp,2.4,-4.44E-16,360,0
1.8,1.04,42,23,sp,2.4,0.12,3,0
1.8,1.08,42,24,sp,2.4,0.24,6,0
1.8,1.12,42,25,sp,2.4,0.36,9,0
1.8,1.16,42,26,sp,2.4,0.48,11,0
1.8,1.2,42,27,sp,2.4,0.6,14,0
1.84,0.8,43,17,nsp,2.52,-0.6,347,0
1.84,0.84,43,18,nsp,2.52,-0.48,349,0
1.84,0.88,43,19,nsp,2.52,-0.36,352,0
1.84,0.92,43,20,nsp,2.52,-0.24,355,0
1.84,0.96,43,21,nsp,2.52,-0.12,357,0
1.84,1,43,22,nsp,2.52,-4.44E-16,360,0
1.84,1.04,43,23,nsp,2.52,0.12,3,0
1.84,1.08,43,24,nsp,2.52,0.24,5,0
1.84,1.12,43,25,nsp,2.52,0.36,8,0
1.84,1.16,43,26,nsp,2.52,0.48,11,0
1.84,1.2,43,27,nsp,2.52,0.6,13,0
1.88,0.8,44,17,nsp,2.64,-0.6,347,0
1.88,0.84,44,18,nsp,2.64,-0.48,350,0
1.88,0.88,44,19,nsp,2.64,-0.36,352,0
1.88,0.92,44,20,nsp,2.64,-0.24,355,0
1.88,0.96,44,21,nsp,2.64,-0.12,357,0
1.88,1,44,22,nsp,2.64,-4.44E-16,360,0
1.88,1.04,44,23,nsp,2.64,0.12,3,0
1.88,1.08,44,24,nsp,2.64,0.24,5,0
1.88,1.12,44,25,nsp,2.64,0.36,8,0
1.88,1.16,44,26,nsp,2.64,0.48,10,0
1.88,1.2,44,27,nsp,2.64,0.6,13,0
1.08,1.04,24,23,nsp,0.24,0.12,27,30
1.12,1.04,25,23,nsp,0.36,0.12,18,30
1.12,1.08,25,24,nsp,0.36,0.24,34,30
1.16,1.08,26,24,nsp,0.48,0.24,27,30
1.16,1.12,26,25,nsp,0.48,0.36,37,30
1.2,1.08,27,24,nsp,0.6,0.24,22,30
1.2,1.12,27,25,nsp,0.6,0.36,31,30
1.2,1.16,27,26,nsp,0.6,0.48,39,30
1.24,1.08,28,24,nsp,0.72,0.24,18,30
1.24,1.12,28,25,nsp,0.72,0.36,27,30
1.24,1.16,28,26,nsp,0.72,0.48,34,30
1.24,1.2,28,27,nsp,0.72,0.6,40,30
1.28,1.08,29,24,nsp,0.84,0.24,16,30
1.28,1.12,29,25,nsp,0.84,0.36,23,30
1.28,1.16,29,26,nsp,0.84,0.48,30,30
1.28,1.2,29,27,nsp,0.84,0.6,36,30
1.28,1.24,29,28,nsp,0.84,0.72,41,30
1.32,1.12,30,25,nsp,0.96,0.36,21,30
1.32,1.16,30,26,nsp,0.96,0.48,27,30
1.32,1.2,30,27,nsp,0.96,0.6,32,30
1.32,1.24,30,28,nsp,0.96,0.72,37,30
1.32,1.28,30,29,nsp,0.96,0.84,41,30
1.36,1.12,31,25,nsp,1.08,0.36,18,30
1.36,1.16,31,26,nsp,1.08,0.48,24,30
1.36,1.2,31,27,nsp,1.08,0.6,29,30
1.36,1.24,31,28,nsp,1.08,0.72,34,30
1.36,1.28,31,29,nsp,1.08,0.84,38,30
1.36,1.32,31,30,nsp,1.08,0.96,42,30
1.4,1.12,32,25,nsp,1.2,0.36,17,30
1.4,1.16,32,26,nsp,1.2,0.48,22,30
1.4,1.2,32,27,nsp,1.2,0.6,27,30
1.4,1.24,32,28,nsp,1.2,0.72,31,30
1.4,1.28,32,29,nsp,1.2,0.84,35,30
1.4,1.32,32,30,nsp,1.2,0.96,39,30
1.4,1.36,32,31,nsp,1.2,1.08,42,30
1.44,1.16,33,26,nsp,1.32,0.48,20,30
1.44,1.2,33,27,nsp,1.32,0.6,24,30
1.44,1.24,33,28,nsp,1.32,0.72,29,30
1.44,1.28,33,29,nsp,1.32,0.84,32,30
1.44,1.32,33,30,nsp,1.32,0.96,36,30
1.44,1.36,33,31,nsp,1.32,1.08,39,30
1.44,1.4,33,32,nsp,1.32,1.2,42,30
1.48,1.16,34,26,nsp,1.44,0.48,18,30
1.48,1.2,34,27,nsp,1.44,0.6,23,30
1.48,1.24,34,28,nsp,1.44,0.72,27,30
1.48,1.28,34,29,nsp,1.44,0.84,30,30
1.48,1.32,34,30,nsp,1.44,0.96,34,30
1.48,1.36,34,31,nsp,1.44,1.08,37,30
1.48,1.4,34,32,nsp,1.44,1.2,40,30
1.48,1.44,34,33,nsp,1.44,1.32,43,30
1.52,1.16,35,26,nsp,1.56,0.48,17,30
1.52,1.2,35,27,nsp,1.56,0.6,21,30
1.52,1.24,35,28,nsp,1.56,0.72,25,30
1.52,1.28,35,29,nsp,1.56,0.84,28,30
1.52,1.32,35,30,nsp,1.56,0.96,32,30
1.52,1.36,35,31,nsp,1.56,1.08,35,30
1.52,1.4,35,32,nsp,1.56,1.2,38,30
1.52,1.44,35,33,nsp,1.56,1.32,40,30
1.52,1.48,35,34,nsp,1.56,1.44,43,30
1.56,1.16,36,26,nsp,1.68,0.48,16,30
1.56,1.2,36,27,nsp,1.68,0.6,20,30
1.56,1.24,36,28,nsp,1.68,0.72,23,30
1.56,1.28,36,29,nsp,1.68,0.84,27,30
1.56,1.32,36,30,nsp,1.68,0.96,30,30
1.56,1.36,36,31,nsp,1.68,1.08,33,30
1.56,1.4,36,32,nsp,1.68,1.2,36,30
1.56,1.44,36,33,nsp,1.68,1.32,38,30
1.56,1.48,36,34,sp,1.68,1.44,41,30
1.56,1.52,36,35,sp,1.68,1.56,43,30
1.6,1.2,37,27,nsp,1.8,0.6,18,30
1.6,1.24,37,28,nsp,1.8,0.72,22,30
1.6,1.28,37,29,nsp,1.8,0.84,25,30
1.6,1.32,37,30,nsp,1.8,0.96,28,30
1.6,1.36,37,31,nsp,1.8,1.08,31,30
1.6,1.4,37,32,sp,1.8,1.2,34,30
1.6,1.44,37,33,sp,1.8,1.32,36,30
1.6,1.48,37,34,sp,1.8,1.44,39,30
1.6,1.52,37,35,sp,1.8,1.56,41,30
1.6,1.56,37,36,sp,1.8,1.68,43,30
1.64,1.2,38,27,nsp,1.92,0.6,17,30
1.64,1.24,38,28,nsp,1.92,0.72,21,30
1.64,1.28,38,29,nsp,1.92,0.84,24,30
1.64,1.32,38,30,nsp,1.92,0.96,27,30
1.64,1.36,38,31,sp,1.92,1.08,29,30
1.64,1.4,38,32,sp,1.92,1.2,32,30
1.64,1.44,38,33,sp,1.92,1.32,35,30
1.64,1.48,38,34,sp,1.92,1.44,37,30
1.64,1.52,38,35,sp,1.92,1.56,39,30
1.64,1.56,38,36,sp,1.92,1.68,41,30
1.64,1.6,38,37,nsp,1.92,1.8,43,30
1.68,1.2,39,27,nsp,2.04,0.6,16,30
1.68,1.24,39,28,sp,2.04,0.72,19,30
1.68,1.28,39,29,sp,2.04,0.84,22,30
1.68,1.32,39,30,sp,2.04,0.96,25,30
1.68,1.36,39,31,sp,2.04,1.08,28,30
1.68,1.4,39,32,sp,2.04,1.2,30,30
1.68,1.44,39,33,sp,2.04,1.32,33,30
1.68,1.48,39,34,sp,2.04,1.44,35,30
1.68,1.52,39,35,nsp,2.04,1.56,37,30
1.68,1.56,39,36,nsp,2.04,1.68,39,30
1.68,1.6,39,37,nsp,2.04,1.8,41,30
1.68,1.64,39,38,nsp,2.04,1.92,43,30
1.72,1.2,40,27,sp,2.16,0.6,16,30
1.72,1.24,40,28,sp,2.16,0.72,18,30
1.72,1.28,40,29,sp,2.16,0.84,21,30
1.72,1.32,40,30,sp,2.16,0.96,24,30
1.72,1.36,40,31,sp,2.16,1.08,27,30
1.72,1.4,40,32,sp,2.16,1.2,29,30
1.72,1.44,40,33,sp,2.16,1.32,31,30
1.72,1.48,40,34,nsp,2.16,1.44,34,30
1.72,1.52,40,35,nsp,2.16,1.56,36,30
1.72,1.56,40,36,nsp,2.16,1.68,38,30
1.72,1.6,40,37,nsp,2.16,1.8,40,30
1.72,1.64,40,38,nsp,2.16,1.92,42,30
1.72,1.68,40,39,nsp,2.16,2.04,43,30
1.76,1.24,41,28,sp,2.28,0.72,18,30
1.76,1.28,41,29,sp,2.28,0.84,20,30
1.76,1.32,41,30,sp,2.28,0.96,23,30
1.76,1.36,41,31,sp,2.28,1.08,25,30
1.76,1.4,41,32,nsp,2.28,1.2,28,30
1.76,1.44,41,33,nsp,2.28,1.32,30,30
1.76,1.48,41,34,nsp,2.28,1.44,32,30
1.76,1.52,41,35,nsp,2.28,1.56,34,30
1.76,1.56,41,36,nsp,2.28,1.68,36,30
1.76,1.6,41,37,nsp,2.28,1.8,38,30
1.76,1.64,41,38,nsp,2.28,1.92,40,30
1.76,1.68,41,39,nsp,2.28,2.04,42,30
1.76,1.72,41,40,nsp,2.28,2.16,43,30
1.8,1.24,42,28,sp,2.4,0.72,17,30
1.8,1.28,42,29,nsp,2.4,0.84,19,30
1.8,1.32,42,30,nsp,2.4,0.96,22,30
1.8,1.36,42,31,nsp,2.4,1.08,24,30
1.8,1.4,42,32,nsp,2.4,1.2,27,30
1.8,1.44,42,33,nsp,2.4,1.32,29,30
1.8,1.48,42,34,nsp,2.4,1.44,31,30
1.8,1.52,42,35,nsp,2.4,1.56,33,30
1.8,1.56,42,36,nsp,2.4,1.68,35,30
1.8,1.6,42,37,nsp,2.4,1.8,37,30
1.8,1.64,42,38,nsp,2.4,1.92,39,30
1.8,1.68,42,39,nsp,2.4,2.04,40,30
1.8,1.72,42,40,nsp,2.4,2.16,42,30
1.8,1.76,42,41,nsp,2.4,2.28,44,30
1.84,1.24,43,28,nsp,2.52,0.72,16,30
1.84,1.28,43,29,nsp,2.52,0.84,18,30
1.84,1.32,43,30,nsp,2.52,0.96,21,30
1.84,1.36,43,31,nsp,2.52,1.08,23,30
1.84,1.4,43,32,nsp,2.52,1.2,25,30
1.84,1.44,43,33,nsp,2.52,1.32,28,30
1.84,1.48,43,34,nsp,2.52,1.44,30,30
1.84,1.52,43,35,nsp,2.52,1.56,32,30
1.84,1.56,43,36,nsp,2.52,1.68,34,30
1.84,1.6,43,37,nsp,2.52,1.8,36,30
1.84,1.64,43,38,nsp,2.52,1.92,37,30
1.84,1.68,43,39,nsp,2.52,2.04,39,30
1.84,1.72,43,40,nsp,2.52,2.16,41,30
1.84,1.76,43,41,nsp,2.52,2.28,42,30
1.84,1.8,43,42,nsp,2.52,2.4,44,30
1.88,1.28,44,29,nsp,2.64,0.84,18,30
1.88,1.32,44,30,nsp,2.64,0.96,20,30
1.88,1.36,44,31,nsp,2.64,1.08,22,30
1.88,1.4,44,32,nsp,2.64,1.2,24,30
1.88,1.44,44,33,nsp,2.64,1.32,27,30
1.88,1.48,44,34,nsp,2.64,1.44,29,30
1.88,1.52,44,35,nsp,2.64,1.56,31,30
1.88,1.56,44,36,nsp,2.64,1.68,32,30
1.88,1.6,44,37,nsp,2.64,1.8,34,30
1.88,1.64,44,38,nsp,2.64,1.92,36,30
1.88,1.68,44,39,nsp,2.64,2.04,38,30
1.88,1.72,44,40,nsp,2.64,2.16,39,30
1.88,1.76,44,41,nsp,2.64,2.28,41,30
1.88,1.8,44,42,nsp,2.64,2.4,42,30
1.88,1.84,44,43,nsp,2.64,2.52,44,30
1.04,1.08,23,24,nsp,0.12,0.24,63,60
1.04,1.12,23,25,nsp,0.12,0.36,72,60
1.08,1.12,24,25,nsp,0.24,0.36,56,60
1.08,1.16,24,26,nsp,0.24,0.48,63,60
1.08,1.2,24,27,nsp,0.24,0.6,68,60
1.08,1.24,24,28,nsp,0.24,0.72,72,60
1.08,1.28,24,29,nsp,0.24,0.84,74,60
1.12,1.16,25,26,nsp,0.36,0.48,53,60
1.12,1.2,25,27,nsp,0.36,0.6,59,60
1.12,1.24,25,28,nsp,0.36,0.72,63,60
1.12,1.28,25,29,nsp,0.36,0.84,67,60
1.12,1.32,25,30,nsp,0.36,0.96,69,60
1.12,1.36,25,31,nsp,0.36,1.08,72,60
1.12,1.4,25,32,nsp,0.36,1.2,73,60
1.16,1.2,26,27,nsp,0.48,0.6,51,60
1.16,1.24,26,28,nsp,0.48,0.72,56,60
1.16,1.28,26,29,nsp,0.48,0.84,60,60
1.16,1.32,26,30,nsp,0.48,0.96,63,60
1.16,1.36,26,31,nsp,0.48,1.08,66,60
1.16,1.4,26,32,nsp,0.48,1.2,68,60
1.16,1.44,26,33,nsp,0.48,1.32,70,60
1.16,1.48,26,34,nsp,0.48,1.44,72,60
1.16,1.52,26,35,nsp,0.48,1.56,73,60
1.16,1.56,26,36,nsp,0.48,1.68,74,60
1.2,1.24,27,28,nsp,0.6,0.72,50,60
1.2,1.28,27,29,nsp,0.6,0.84,54,60
1.2,1.32,27,30,nsp,0.6,0.96,58,60
1.2,1.36,27,31,nsp,0.6,1.08,61,60
1.2,1.4,27,32,nsp,0.6,1.2,63,60
1.2,1.44,27,33,nsp,0.6,1.32,66,60
1.2,1.48,27,34,nsp,0.6,1.44,67,60
1.2,1.52,27,35,nsp,0.6,1.56,69,60
1.2,1.56,27,36,nsp,0.6,1.68,70,60
1.2,1.6,27,37,nsp,0.6,1.8,72,60
1.2,1.64,27,38,nsp,0.6,1.92,73,60
1.2,1.68,27,39,nsp,0.6,2.04,74,60
1.2,1.72,27,40,sp,0.6,2.16,74,60
1.24,1.28,28,29,nsp,0.72,0.84,49,60
1.24,1.32,28,30,nsp,0.72,0.96,53,60
1.24,1.36,28,31,nsp,0.72,1.08,56,60
1.24,1.4,28,32,nsp,0.72,1.2,59,60
1.24,1.44,28,33,nsp,0.72,1.32,61,60
1.24,1.48,28,34,nsp,0.72,1.44,63,60
1.24,1.52,28,35,nsp,0.72,1.56,65,60
1.24,1.56,28,36,nsp,0.72,1.68,67,60
1.24,1.6,28,37,nsp,0.72,1.8,68,60
1.24,1.64,28,38,nsp,0.72,1.92,69,60
1.24,1.68,28,39,sp,0.72,2.04,71,60
1.24,1.72,28,40,sp,0.72,2.16,72,60
1.24,1.76,28,41,sp,0.72,2.28,72,60
1.24,1.8,28,42,sp,0.72,2.4,73,60
1.24,1.84,28,43,nsp,0.72,2.52,74,60
1.28,1.32,29,30,nsp,0.84,0.96,49,60
1.28,1.36,29,31,nsp,0.84,1.08,52,60
1.28,1.4,29,32,nsp,0.84,1.2,55,60
1.28,1.44,29,33,nsp,0.84,1.32,58,60
1.28,1.48,29,34,nsp,0.84,1.44,60,60
1.28,1.52,29,35,nsp,0.84,1.56,62,60
1.28,1.56,29,36,nsp,0.84,1.68,63,60
1.28,1.6,29,37,nsp,0.84,1.8,65,60
1.28,1.64,29,38,nsp,0.84,1.92,66,60
1.28,1.68,29,39,sp,0.84,2.04,68,60
1.28,1.72,29,40,sp,0.84,2.16,69,60
1.28,1.76,29,41,sp,0.84,2.28,70,60
1.28,1.8,29,42,nsp,0.84,2.4,71,60
1.28,1.84,29,43,nsp,0.84,2.52,72,60
1.28,1.88,29,44,nsp,0.84,2.64,72,60
1.32,1.36,30,31,nsp,0.96,1.08,48,60
1.32,1.4,30,32,nsp,0.96,1.2,51,60
1.32,1.44,30,33,nsp,0.96,1.32,54,60
1.32,1.48,30,34,nsp,0.96,1.44,56,60
1.32,1.52,30,35,nsp,0.96,1.56,58,60
1.32,1.56,30,36,nsp,0.96,1.68,60,60
1.32,1.6,30,37,nsp,0.96,1.8,62,60
1.32,1.64,30,38,nsp,0.96,1.92,63,60
1.32,1.68,30,39,sp,0.96,2.04,65,60
1.32,1.72,30,40,sp,0.96,2.16,66,60
1.32,1.76,30,41,sp,0.96,2.28,67,60
1.32,1.8,30,42,nsp,0.96,2.4,68,60
1.32,1.84,30,43,nsp,0.96,2.52,69,60
1.32,1.88,30,44,nsp,0.96,2.64,70,60
1.36,1.4,31,32,nsp,1.08,1.2,48,60
1.36,1.44,31,33,nsp,1.08,1.32,51,60
1.36,1.48,31,34,nsp,1.08,1.44,53,60
1.36,1.52,31,35,nsp,1.08,1.56,55,60
1.36,1.56,31,36,nsp,1.08,1.68,57,60
1.36,1.6,31,37,nsp,1.08,1.8,59,60
1.36,1.64,31,38,sp,1.08,1.92,61,60
1.36,1.68,31,39,sp,1.08,2.04,62,60
1.36,1.72,31,40,sp,1.08,2.16,63,60
1.36,1.76,31,41,sp,1.08,2.28,65,60
1.36,1.8,31,42,nsp,1.08,2.4,66,60
1.36,1.84,31,43,nsp,1.08,2.52,67,60
1.36,1.88,31,44,nsp,1.08,2.64,68,60
1.4,1.44,32,33,nsp,1.2,1.32,48,60
1.4,1.48,32,34,nsp,1.2,1.44,50,60
1.4,1.52,32,35,nsp,1.2,1.56,52,60
1.4,1.56,32,36,nsp,1.2,1.68,54,60
1.4,1.6,32,37,sp,1.2,1.8,56,60
1.4,1.64,32,38,sp,1.2,1.92,58,60
1.4,1.68,32,39,sp,1.2,2.04,60,60
1.4,1.72,32,40,sp,1.2,2.16,61,60
1.4,1.76,32,41,nsp,1.2,2.28,62,60
1.4,1.8,32,42,nsp,1.2,2.4,63,60
1.4,1.84,32,43,nsp,1.2,2.52,65,60
1.4,1.88,32,44,nsp,1.2,2.64,66,60
1.44,1.48,33,34,nsp,1.32,1.44,47,60
1.44,1.52,33,35,nsp,1.32,1.56,50,60
1.44,1.56,33,36,nsp,1.32,1.68,52,60
1.44,1.6,33,37,sp,1.32,1.8,54,60
1.44,1.64,33,38,sp,1.32,1.92,55,60
1.44,1.68,33,39,sp,1.32,2.04,57,60
1.44,1.72,33,40,sp,1.32,2.16,59,60
1.44,1.76,33,41,nsp,1.32,2.28,60,60
1.44,1.8,33,42,nsp,1.32,2.4,61,60
1.44,1.84,33,43,nsp,1.32,2.52,62,60
1.44,1.88,33,44,nsp,1.32,2.64,63,60
1.48,1.52,34,35,nsp,1.44,1.56,47,60
1.48,1.56,34,36,sp,1.44,1.68,49,60
1.48,1.6,34,37,sp,1.44,1.8,51,60
1.48,1.64,34,38,sp,1.44,1.92,53,60
1.48,1.68,34,39,sp,1.44,2.04,55,60
1.48,1.72,34,40,nsp,1.44,2.16,56,60
1.48,1.76,34,41,nsp,1.44,2.28,58,60
1.48,1.8,34,42,nsp,1.44,2.4,59,60
1.48,1.84,34,43,nsp,1.44,2.52,60,60
1.48,1.88,34,44,nsp,1.44,2.64,61,60
1.52,1.56,35,36,sp,1.56,1.68,47,60
1.52,1.6,35,37,sp,1.56,1.8,49,60
1.52,1.64,35,38,sp,1.56,1.92,51,60
1.52,1.68,35,39,nsp,1.56,2.04,53,60
1.52,1.72,35,40,nsp,1.56,2.16,54,60
1.52,1.76,35,41,nsp,1.56,2.28,56,60
1.52,1.8,35,42,nsp,1.56,2.4,57,60
1.52,1.84,35,43,nsp,1.56,2.52,58,60
1.52,1.88,35,44,nsp,1.56,2.64,59,60
1.56,1.6,36,37,sp,1.68,1.8,47,60
1.56,1.64,36,38,sp,1.68,1.92,49,60
1.56,1.68,36,39,nsp,1.68,2.04,51,60
1.56,1.72,36,40,nsp,1.68,2.16,52,60
1.56,1.76,36,41,nsp,1.68,2.28,54,60
1.56,1.8,36,42,nsp,1.68,2.4,55,60
1.56,1.84,36,43,nsp,1.68,2.52,56,60
1.56,1.88,36,44,nsp,1.68,2.64,58,60
1.6,1.64,37,38,nsp,1.8,1.92,47,60
1.6,1.68,37,39,nsp,1.8,2.04,49,60
1.6,1.72,37,40,nsp,1.8,2.16,50,60
1.6,1.76,37,41,nsp,1.8,2.28,52,60
1.6,1.8,37,42,nsp,1.8,2.4,53,60
1.6,1.84,37,43,nsp,1.8,2.52,54,60
1.6,1.88,37,44,nsp,1.8,2.64,56,60
1.64,1.68,38,39,nsp,1.92,2.04,47,60
1.64,1.72,38,40,nsp,1.92,2.16,48,60
1.64,1.76,38,41,nsp,1.92,2.28,50,60
1.64,1.8,38,42,nsp,1.92,2.4,51,60
1.64,1.84,38,43,nsp,1.92,2.52,53,60
1.64,1.88,38,44,nsp,1.92,2.64,54,60
1.68,1.72,39,40,nsp,2.04,2.16,47,60
1.68,1.76,39,41,nsp,2.04,2.28,48,60
1.68,1.8,39,42,nsp,2.04,2.4,50,60
1.68,1.84,39,43,nsp,2.04,2.52,51,60
1.68,1.88,39,44,nsp,2.04,2.64,52,60
1.72,1.76,40,41,nsp,2.16,2.28,47,60
1.72,1.8,40,42,nsp,2.16,2.4,48,60
1.72,1.84,40,43,nsp,2.16,2.52,49,60
1.72,1.88,40,44,nsp,2.16,2.64,51,60
1.76,1.8,41,42,nsp,2.28,2.4,46,60
1.76,1.84,41,43,nsp,2.28,2.52,48,60
1.76,1.88,41,44,nsp,2.28,2.64,49,60
1.8,1.84,42,43,nsp,2.4,2.52,46,60
1.8,1.88,42,44,nsp,2.4,2.64,48,60
1.84,1.88,43,44,nsp,2.52,2.64,46,60
0.8,1.8,17,42,sp,-0.6,2.4,104,90
0.8,1.84,17,43,nsp,-0.6,2.52,103,90
0.8,1.88,17,44,nsp,-0.6,2.64,103,90
0.84,1.64,18,38,nsp,-0.48,1.92,104,90
0.84,1.68,18,39,nsp,-0.48,2.04,103,90
0.84,1.72,18,40,sp,-0.48,2.16,103,90
0.84,1.76,18,41,sp,-0.48,2.28,102,90
0.84,1.8,18,42,sp,-0.48,2.4,101,90
0.84,1.84,18,43,nsp,-0.48,2.52,101,90
0.84,1.88,18,44,nsp,-0.48,2.64,100,90
0.88,1.48,19,34,nsp,-0.36,1.44,104,90
0.88,1.52,19,35,nsp,-0.36,1.56,103,90
0.88,1.56,19,36,nsp,-0.36,1.68,102,90
0.88,1.6,19,37,nsp,-0.36,1.8,101,90
0.88,1.64,19,38,nsp,-0.36,1.92,101,90
0.88,1.68,19,39,nsp,-0.36,2.04,100,90
0.88,1.72,19,40,sp,-0.36,2.16,99,90
0.88,1.76,19,41,sp,-0.36,2.28,99,90
0.88,1.8,19,42,sp,-0.36,2.4,99,90
0.88,1.84,19,43,nsp,-0.36,2.52,98,90
0.88,1.88,19,44,nsp,-0.36,2.64,98,90
0.92,1.32,20,30,nsp,-0.24,0.96,104,90
0.92,1.36,20,31,nsp,-0.24,1.08,103,90
0.92,1.4,20,32,nsp,-0.24,1.2,101,90
0.92,1.44,20,33,nsp,-0.24,1.32,100,90
0.92,1.48,20,34,nsp,-0.24,1.44,99,90
0.92,1.52,20,35,nsp,-0.24,1.56,99,90
0.92,1.56,20,36,nsp,-0.24,1.68,98,90
0.92,1.6,20,37,nsp,-0.24,1.8,98,90
0.92,1.64,20,38,nsp,-0.24,1.92,97,90
0.92,1.68,20,39,nsp,-0.24,2.04,97,90
0.92,1.72,20,40,nsp,-0.24,2.16,96,90
0.92,1.76,20,41,sp,-0.24,2.28,96,90
0.92,1.8,20,42,sp,-0.24,2.4,96,90
0.92,1.84,20,43,nsp,-0.24,2.52,95,90
0.92,1.88,20,44,nsp,-0.24,2.64,95,90
0.96,1.16,21,26,nsp,-0.12,0.48,104,90
0.96,1.2,21,27,nsp,-0.12,0.6,101,90
0.96,1.24,21,28,nsp,-0.12,0.72,99,90
0.96,1.28,21,29,nsp,-0.12,0.84,98,90
0.96,1.32,21,30,nsp,-0.12,0.96,97,90
0.96,1.36,21,31,nsp,-0.12,1.08,96,90
0.96,1.4,21,32,nsp,-0.12,1.2,96,90
0.96,1.44,21,33,nsp,-0.12,1.32,95,90
0.96,1.48,21,34,nsp,-0.12,1.44,95,90
0.96,1.52,21,35,nsp,-0.12,1.56,94,90
0.96,1.56,21,36,nsp,-0.12,1.68,94,90
0.96,1.6,21,37,nsp,-0.12,1.8,94,90
0.96,1.64,21,38,nsp,-0.12,1.92,94,90
0.96,1.68,21,39,nsp,-0.12,2.04,93,90
0.96,1.72,21,40,nsp,-0.12,2.16,93,90
0.96,1.76,21,41,sp,-0.12,2.28,93,90
0.96,1.8,21,42,sp,-0.12,2.4,93,90
0.96,1.84,21,43,nsp,-0.12,2.52,93,90
0.96,1.88,21,44,nsp,-0.12,2.64,93,90
1,1.04,22,23,nsp,-4.44E-16,0.12,90,90
1,1.08,22,24,nsp,-4.44E-16,0.24,90,90
1,1.12,22,25,nsp,-4.44E-16,0.36,90,90
1,1.16,22,26,nsp,-4.44E-16,0.48,90,90
1,1.2,22,27,nsp,-4.44E-16,0.6,90,90
1,1.24,22,28,nsp,-4.44E-16,0.72,90,90
1,1.28,22,29,nsp,-4.44E-16,0.84,90,90
1,1.32,22,30,nsp,-4.44E-16,0.96,90,90
1,1.36,22,31,nsp,-4.44E-16,1.08,90,90
1,1.4,22,32,nsp,-4.44E-16,1.2,90,90
1,1.44,22,33,nsp,-4.44E-16,1.32,90,90
1,1.48,22,34,nsp,-4.44E-16,1.44,90,90
1,1.52,22,35,nsp,-4.44E-16,1.56,90,90
1,1.56,22,36,nsp,-4.44E-16,1.68,90,90
1,1.6,22,37,nsp,-4.44E-16,1.8,90,90
1,1.64,22,38,nsp,-4.44E-16,1.92,90,90
1,1.68,22,39,nsp,-4.44E-16,2.04,90,90
1,1.72,22,40,nsp,-4.44E-16,2.16,90,90
1,1.76,22,41,sp,-4.44E-16,2.28,90,90
1,1.8,22,42,sp,-4.44E-16,2.4,90,90
1,1.84,22,43,nsp,-4.44E-16,2.52,90,90
1,1.88,22,44,nsp,-4.44E-16,2.64,90,90
1.04,1.16,23,26,nsp,0.12,0.48,76,90
1.04,1.2,23,27,nsp,0.12,0.6,79,90
1.04,1.24,23,28,nsp,0.12,0.72,81,90
1.04,1.28,23,29,nsp,0.12,0.84,82,90
1.04,1.32,23,30,nsp,0.12,0.96,83,90
1.04,1.36,23,31,nsp,0.12,1.08,84,90
1.04,1.4,23,32,nsp,0.12,1.2,84,90
1.04,1.44,23,33,nsp,0.12,1.32,85,90
1.04,1.48,23,34,nsp,0.12,1.44,85,90
1.04,1.52,23,35,nsp,0.12,1.56,86,90
1.04,1.56,23,36,nsp,0.12,1.68,86,90
1.04,1.6,23,37,nsp,0.12,1.8,86,90
1.04,1.64,23,38,nsp,0.12,1.92,86,90
1.04,1.68,23,39,nsp,0.12,2.04,87,90
1.04,1.72,23,40,nsp,0.12,2.16,87,90
1.04,1.76,23,41,sp,0.12,2.28,87,90
1.04,1.8,23,42,sp,0.12,2.4,87,90
1.04,1.84,23,43,nsp,0.12,2.52,87,90
1.04,1.88,23,44,nsp,0.12,2.64,87,90
1.08,1.32,24,30,nsp,0.24,0.96,76,90
1.08,1.36,24,31,nsp,0.24,1.08,77,90
1.08,1.4,24,32,nsp,0.24,1.2,79,90
1.08,1.44,24,33,nsp,0.24,1.32,80,90
1.08,1.48,24,34,nsp,0.24,1.44,81,90
1.08,1.52,24,35,nsp,0.24,1.56,81,90
1.08,1.56,24,36,nsp,0.24,1.68,82,90
1.08,1.6,24,37,nsp,0.24,1.8,82,90
1.08,1.64,24,38,nsp,0.24,1.92,83,90
1.08,1.68,24,39,nsp,0.24,2.04,83,90
1.08,1.72,24,40,nsp,0.24,2.16,84,90
1.08,1.76,24,41,sp,0.24,2.28,84,90
1.08,1.8,24,42,sp,0.24,2.4,84,90
1.08,1.84,24,43,nsp,0.24,2.52,85,90
1.08,1.88,24,44,nsp,0.24,2.64,85,90
1.12,1.48,25,34,nsp,0.36,1.44,76,90
1.12,1.52,25,35,nsp,0.36,1.56,77,90
1.12,1.56,25,36,nsp,0.36,1.68,78,90
1.12,1.6,25,37,nsp,0.36,1.8,79,90
1.12,1.64,25,38,nsp,0.36,1.92,79,90
1.12,1.68,25,39,nsp,0.36,2.04,80,90
1.12,1.72,25,40,sp,0.36,2.16,81,90
1.12,1.76,25,41,sp,0.36,2.28,81,90
1.12,1.8,25,42,sp,0.36,2.4,81,90
1.12,1.84,25,43,nsp,0.36,2.52,82,90
1.12,1.88,25,44,nsp,0.36,2.64,82,90
1.16,1.64,26,38,nsp,0.48,1.92,76,90
1.16,1.68,26,39,nsp,0.48,2.04,77,90
1.16,1.72,26,40,sp,0.48,2.16,77,90
1.16,1.76,26,41,sp,0.48,2.28,78,90
1.16,1.8,26,42,sp,0.48,2.4,79,90
1.16,1.84,26,43,nsp,0.48,2.52,79,90
1.16,1.88,26,44,nsp,0.48,2.64,80,90
1.2,1.8,27,42,sp,0.6,2.4,76,90
1.2,1.84,27,43,nsp,0.6,2.52,77,90
1.2,1.88,27,44,nsp,0.6,2.64,77,90
0.16,1.88,1,44,nsp,-2.52,2.64,134,120
0.2,1.84,2,43,nsp,-2.4,2.52,134,120
0.2,1.88,2,44,nsp,-2.4,2.64,132,120
0.24,1.8,3,42,nsp,-2.28,2.4,134,120
0.24,1.84,3,43,nsp,-2.28,2.52,132,120
0.24,1.88,3,44,nsp,-2.28,2.64,131,120
0.28,1.76,4,41,nsp,-2.16,2.28,133,120
0.28,1.8,4,42,nsp,-2.16,2.4,132,120
0.28,1.84,4,43,nsp,-2.16,2.52,131,120
0.28,1.88,4,44,nsp,-2.16,2.64,129,120
0.32,1.72,5,40,nsp,-2.04,2.16,133,120
0.32,1.76,5,41,nsp,-2.04,2.28,132,120
0.32,1.8,5,42,nsp,-2.04,2.4,130,120
0.32,1.84,5,43,nsp,-2.04,2.52,129,120
0.32,1.88,5,44,nsp,-2.04,2.64,128,120
0.36,1.68,6,39,nsp,-1.92,2.04,133,120
0.36,1.72,6,40,nsp,-1.92,2.16,132,120
0.36,1.76,6,41,nsp,-1.92,2.28,130,120
0.36,1.8,6,42,nsp,-1.92,2.4,129,120
0.36,1.84,6,43,nsp,-1.92,2.52,127,120
0.36,1.88,6,44,nsp,-1.92,2.64,126,120
0.4,1.64,7,38,nsp,-1.8,1.92,133,120
0.4,1.68,7,39,nsp,-1.8,2.04,131,120
0.4,1.72,7,40,nsp,-1.8,2.16,130,120
0.4,1.76,7,41,nsp,-1.8,2.28,128,120
0.4,1.8,7,42,nsp,-1.8,2.4,127,120
0.4,1.84,7,43,nsp,-1.8,2.52,126,120
0.4,1.88,7,44,nsp,-1.8,2.64,124,120
0.44,1.6,8,37,sp,-1.68,1.8,133,120
0.44,1.64,8,38,sp,-1.68,1.92,131,120
0.44,1.68,8,39,nsp,-1.68,2.04,129,120
0.44,1.72,8,40,nsp,-1.68,2.16,128,120
0.44,1.76,8,41,nsp,-1.68,2.28,126,120
0.44,1.8,8,42,nsp,-1.68,2.4,125,120
0.44,1.84,8,43,nsp,-1.68,2.52,124,120
0.44,1.88,8,44,nsp,-1.68,2.64,122,120
0.48,1.56,9,36,sp,-1.56,1.68,133,120
0.48,1.6,9,37,sp,-1.56,1.8,131,120
0.48,1.64,9,38,sp,-1.56,1.92,129,120
0.48,1.68,9,39,nsp,-1.56,2.04,127,120
0.48,1.72,9,40,nsp,-1.56,2.16,126,120
0.48,1.76,9,41,nsp,-1.56,2.28,124,120
0.48,1.8,9,42,nsp,-1.56,2.4,123,120
0.48,1.84,9,43,nsp,-1.56,2.52,122,120
0.48,1.88,9,44,nsp,-1.56,2.64,121,120
0.52,1.52,10,35,nsp,-1.44,1.56,133,120
0.52,1.56,10,36,sp,-1.44,1.68,131,120
0.52,1.6,10,37,sp,-1.44,1.8,129,120
0.52,1.64,10,38,sp,-1.44,1.92,127,120
0.52,1.68,10,39,sp,-1.44,2.04,125,120
0.52,1.72,10,40,nsp,-1.44,2.16,124,120
0.52,1.76,10,41,nsp,-1.44,2.28,122,120
0.52,1.8,10,42,nsp,-1.44,2.4,121,120
0.52,1.84,10,43,nsp,-1.44,2.52,120,120
0.52,1.88,10,44,nsp,-1.44,2.64,119,120
0.56,1.48,11,34,nsp,-1.32,1.44,133,120
0.56,1.52,11,35,nsp,-1.32,1.56,130,120
0.56,1.56,11,36,nsp,-1.32,1.68,128,120
0.56,1.6,11,37,sp,-1.32,1.8,126,120
0.56,1.64,11,38,sp,-1.32,1.92,125,120
0.56,1.68,11,39,sp,-1.32,2.04,123,120
0.56,1.72,11,40,sp,-1.32,2.16,121,120
0.56,1.76,11,41,nsp,-1.32,2.28,120,120
0.56,1.8,11,42,nsp,-1.32,2.4,119,120
0.56,1.84,11,43,nsp,-1.32,2.52,118,120
0.56,1.88,11,44,nsp,-1.32,2.64,117,120
0.6,1.44,12,33,nsp,-1.2,1.32,132,120
0.6,1.48,12,34,nsp,-1.2,1.44,130,120
0.6,1.52,12,35,nsp,-1.2,1.56,128,120
0.6,1.56,12,36,nsp,-1.2,1.68,126,120
0.6,1.6,12,37,sp,-1.2,1.8,124,120
0.6,1.64,12,38,sp,-1.2,1.92,122,120
0.6,1.68,12,39,sp,-1.2,2.04,120,120
0.6,1.72,12,40,sp,-1.2,2.16,119,120
0.6,1.76,12,41,nsp,-1.2,2.28,118,120
0.6,1.8,12,42,nsp,-1.2,2.4,117,120
0.6,1.84,12,43,nsp,-1.2,2.52,115,120
0.6,1.88,12,44,nsp,-1.2,2.64,114,120
0.64,1.4,13,32,nsp,-1.08,1.2,132,120
0.64,1.44,13,33,nsp,-1.08,1.32,129,120
0.64,1.48,13,34,nsp,-1.08,1.44,127,120
0.64,1.52,13,35,nsp,-1.08,1.56,125,120
0.64,1.56,13,36,nsp,-1.08,1.68,123,120
0.64,1.6,13,37,nsp,-1.08,1.8,121,120
0.64,1.64,13,38,sp,-1.08,1.92,119,120
0.64,1.68,13,39,sp,-1.08,2.04,118,120
0.64,1.72,13,40,sp,-1.08,2.16,117,120
0.64,1.76,13,41,sp,-1.08,2.28,115,120
0.64,1.8,13,42,nsp,-1.08,2.4,114,120
0.64,1.84,13,43,nsp,-1.08,2.52,113,120
0.64,1.88,13,44,nsp,-1.08,2.64,112,120
0.68,1.36,14,31,nsp,-0.96,1.08,132,120
0.68,1.4,14,32,nsp,-0.96,1.2,129,120
0.68,1.44,14,33,nsp,-0.96,1.32,126,120
0.68,1.48,14,34,nsp,-0.96,1.44,124,120
0.68,1.52,14,35,nsp,-0.96,1.56,122,120
0.68,1.56,14,36,nsp,-0.96,1.68,120,120
0.68,1.6,14,37,nsp,-0.96,1.8,118,120
0.68,1.64,14,38,nsp,-0.96,1.92,117,120
0.68,1.68,14,39,sp,-0.96,2.04,115,120
0.68,1.72,14,40,sp,-0.96,2.16,114,120
0.68,1.76,14,41,sp,-0.96,2.28,113,120
0.68,1.8,14,42,nsp,-0.96,2.4,112,120
0.68,1.84,14,43,nsp,-0.96,2.52,111,120
0.68,1.88,14,44,nsp,-0.96,2.64,110,120
0.72,1.32,15,30,nsp,-0.84,0.96,131,120
0.72,1.36,15,31,nsp,-0.84,1.08,128,120
0.72,1.4,15,32,nsp,-0.84,1.2,125,120
0.72,1.44,15,33,nsp,-0.84,1.32,122,120
0.72,1.48,15,34,nsp,-0.84,1.44,120,120
0.72,1.52,15,35,nsp,-0.84,1.56,118,120
0.72,1.56,15,36,nsp,-0.84,1.68,117,120
0.72,1.6,15,37,nsp,-0.84,1.8,115,120
0.72,1.64,15,38,nsp,-0.84,1.92,114,120
0.72,1.68,15,39,sp,-0.84,2.04,112,120
0.72,1.72,15,40,sp,-0.84,2.16,111,120
0.72,1.76,15,41,sp,-0.84,2.28,110,120
0.72,1.8,15,42,nsp,-0.84,2.4,109,120
0.72,1.84,15,43,nsp,-0.84,2.52,108,120
0.72,1.88,15,44,nsp,-0.84,2.64,108,120
0.76,1.28,16,29,nsp,-0.72,0.84,131,120
0.76,1.32,16,30,nsp,-0.72,0.96,127,120
0.76,1.36,16,31,nsp,-0.72,1.08,124,120
0.76,1.4,16,32,nsp,-0.72,1.2,121,120
0.76,1.44,16,33,nsp,-0.72,1.32,119,120
0.76,1.48,16,34,nsp,-0.72,1.44,117,120
0.76,1.52,16,35,nsp,-0.72,1.56,115,120
0.76,1.56,16,36,nsp,-0.72,1.68,113,120
0.76,1.6,16,37,nsp,-0.72,1.8,112,120
0.76,1.64,16,38,nsp,-0.72,1.92,111,120
0.76,1.68,16,39,sp,-0.72,2.04,109,120
0.76,1.72,16,40,sp,-0.72,2.16,108,120
0.76,1.76,16,41,sp,-0.72,2.28,108,120
0.76,1.8,16,42,sp,-0.72,2.4,107,120
0.76,1.84,16,43,nsp,-0.72,2.52,106,120
0.8,1.24,17,28,nsp,-0.6,0.72,130,120
0.8,1.28,17,29,nsp,-0.6,0.84,126,120
0.8,1.32,17,30,nsp,-0.6,0.96,122,120
0.8,1.36,17,31,nsp,-0.6,1.08,119,120
0.8,1.4,17,32,nsp,-0.6,1.2,117,120
0.8,1.44,17,33,nsp,-0.6,1.32,114,120
0.8,1.48,17,34,nsp,-0.6,1.44,113,120
0.8,1.52,17,35,nsp,-0.6,1.56,111,120
0.8,1.56,17,36,nsp,-0.6,1.68,110,120
0.8,1.6,17,37,nsp,-0.6,1.8,108,120
0.8,1.64,17,38,nsp,-0.6,1.92,107,120
0.8,1.68,17,39,nsp,-0.6,2.04,106,120
0.8,1.72,17,40,sp,-0.6,2.16,106,120
0.84,1.2,18,27,nsp,-0.48,0.6,129,120
0.84,1.24,18,28,nsp,-0.48,0.72,124,120
0.84,1.28,18,29,nsp,-0.48,0.84,120,120
0.84,1.32,18,30,nsp,-0.48,0.96,117,120
0.84,1.36,18,31,nsp,-0.48,1.08,114,120
0.84,1.4,18,32,nsp,-0.48,1.2,112,120
0.84,1.44,18,33,nsp,-0.48,1.32,110,120
0.84,1.48,18,34,nsp,-0.48,1.44,108,120
0.84,1.52,18,35,nsp,-0.48,1.56,107,120
0.84,1.56,18,36,nsp,-0.48,1.68,106,120
0.88,1.16,19,26,nsp,-0.36,0.48,127,120
0.88,1.2,19,27,nsp,-0.36,0.6,121,120
0.88,1.24,19,28,nsp,-0.36,0.72,117,120
0.88,1.28,19,29,nsp,-0.36,0.84,113,120
0.88,1.32,19,30,nsp,-0.36,0.96,111,120
0.88,1.36,19,31,nsp,-0.36,1.08,108,120
0.88,1.4,19,32,nsp,-0.36,1.2,107,120
0.92,1.12,20,25,nsp,-0.24,0.36,124,120
0.92,1.16,20,26,nsp,-0.24,0.48,117,120
0.92,1.2,20,27,nsp,-0.24,0.6,112,120
0.92,1.24,20,28,nsp,-0.24,0.72,108,120
0.92,1.28,20,29,nsp,-0.24,0.84,106,120
0.96,1.08,21,24,nsp,-0.12,0.24,117,120
0.96,1.12,21,25,nsp,-0.12,0.36,108,120
0.12,1.28,0,29,nsp,-2.64,0.84,162,150
0.12,1.32,0,30,nsp,-2.64,0.96,160,150
0.12,1.36,0,31,nsp,-2.64,1.08,158,150
0.12,1.4,0,32,nsp,-2.64,1.2,156,150
0.12,1.44,0,33,nsp,-2.64,1.32,153,150
0.12,1.48,0,34,nsp,-2.64,1.44,151,150
0.12,1.52,0,35,nsp,-2.64,1.56,149,150
0.12,1.56,0,36,nsp,-2.64,1.68,148,150
0.12,1.6,0,37,nsp,-2.64,1.8,146,150
0.12,1.64,0,38,nsp,-2.64,1.92,144,150
0.12,1.68,0,39,nsp,-2.64,2.04,142,150
0.12,1.72,0,40,nsp,-2.64,2.16,141,150
0.12,1.76,0,41,nsp,-2.64,2.28,139,150
0.12,1.8,0,42,nsp,-2.64,2.4,138,150
0.12,1.84,0,43,nsp,-2.64,2.52,136,150
0.16,1.24,1,28,nsp,-2.52,0.72,164,150
0.16,1.28,1,29,nsp,-2.52,0.84,162,150
0.16,1.32,1,30,nsp,-2.52,0.96,159,150
0.16,1.36,1,31,nsp,-2.52,1.08,157,150
0.16,1.4,1,32,nsp,-2.52,1.2,155,150
0.16,1.44,1,33,nsp,-2.52,1.32,152,150
0.16,1.48,1,34,nsp,-2.52,1.44,150,150
0.16,1.52,1,35,nsp,-2.52,1.56,148,150
0.16,1.56,1,36,nsp,-2.52,1.68,146,150
0.16,1.6,1,37,nsp,-2.52,1.8,144,150
0.16,1.64,1,38,nsp,-2.52,1.92,143,150
0.16,1.68,1,39,nsp,-2.52,2.04,141,150
0.16,1.72,1,40,nsp,-2.52,2.16,139,150
0.16,1.76,1,41,nsp,-2.52,2.28,138,150
0.16,1.8,1,42,nsp,-2.52,2.4,136,150
0.2,1.24,2,28,sp,-2.4,0.72,163,150
0.2,1.28,2,29,nsp,-2.4,0.84,161,150
0.2,1.32,2,30,nsp,-2.4,0.96,158,150
0.2,1.36,2,31,nsp,-2.4,1.08,156,150
0.2,1.4,2,32,nsp,-2.4,1.2,153,150
0.2,1.44,2,33,nsp,-2.4,1.32,151,150
0.2,1.48,2,34,nsp,-2.4,1.44,149,150
0.2,1.52,2,35,nsp,-2.4,1.56,147,150
0.2,1.56,2,36,nsp,-2.4,1.68,145,150
0.2,1.6,2,37,nsp,-2.4,1.8,143,150
0.2,1.64,2,38,nsp,-2.4,1.92,141,150
0.2,1.68,2,39,nsp,-2.4,2.04,140,150
0.2,1.72,2,40,nsp,-2.4,2.16,138,150
0.2,1.76,2,41,nsp,-2.4,2.28,136,150
0.24,1.24,3,28,sp,-2.28,0.72,162,150
0.24,1.28,3,29,sp,-2.28,0.84,160,150
0.24,1.32,3,30,sp,-2.28,0.96,157,150
0.24,1.36,3,31,sp,-2.28,1.08,155,150
0.24,1.4,3,32,nsp,-2.28,1.2,152,150
0.24,1.44,3,33,nsp,-2.28,1.32,150,150
0.24,1.48,3,34,nsp,-2.28,1.44,148,150
0.24,1.52,3,35,nsp,-2.28,1.56,146,150
0.24,1.56,3,36,nsp,-2.28,1.68,144,150
0.24,1.6,3,37,nsp,-2.28,1.8,142,150
0.24,1.64,3,38,nsp,-2.28,1.92,140,150
0.24,1.68,3,39,nsp,-2.28,2.04,138,150
0.24,1.72,3,40,nsp,-2.28,2.16,137,150
0.28,1.2,4,27,sp,-2.16,0.6,164,150
0.28,1.24,4,28,sp,-2.16,0.72,162,150
0.28,1.28,4,29,sp,-2.16,0.84,159,150
0.28,1.32,4,30,sp,-2.16,0.96,156,150
0.28,1.36,4,31,sp,-2.16,1.08,153,150
0.28,1.4,4,32,sp,-2.16,1.2,151,150
0.28,1.44,4,33,sp,-2.16,1.32,149,150
0.28,1.48,4,34,nsp,-2.16,1.44,146,150
0.28,1.52,4,35,nsp,-2.16,1.56,144,150
0.28,1.56,4,36,nsp,-2.16,1.68,142,150
0.28,1.6,4,37,nsp,-2.16,1.8,140,150
0.28,1.64,4,38,nsp,-2.16,1.92,138,150
0.28,1.68,4,39,nsp,-2.16,2.04,137,150
0.32,1.2,5,27,nsp,-2.04,0.6,164,150
0.32,1.24,5,28,sp,-2.04,0.72,161,150
0.32,1.28,5,29,sp,-2.04,0.84,158,150
0.32,1.32,5,30,sp,-2.04,0.96,155,150
0.32,1.36,5,31,sp,-2.04,1.08,152,150
0.32,1.4,5,32,sp,-2.04,1.2,150,150
0.32,1.44,5,33,sp,-2.04,1.32,147,150
0.32,1.48,5,34,sp,-2.04,1.44,145,150
0.32,1.52,5,35,nsp,-2.04,1.56,143,150
0.32,1.56,5,36,nsp,-2.04,1.68,141,150
0.32,1.6,5,37,nsp,-2.04,1.8,139,150
0.32,1.64,5,38,nsp,-2.04,1.92,137,150
0.36,1.2,6,27,nsp,-1.92,0.6,163,150
0.36,1.24,6,28,nsp,-1.92,0.72,159,150
0.36,1.28,6,29,nsp,-1.92,0.84,156,150
0.36,1.32,6,30,nsp,-1.92,0.96,153,150
0.36,1.36,6,31,sp,-1.92,1.08,151,150
0.36,1.4,6,32,sp,-1.92,1.2,148,150
0.36,1.44,6,33,sp,-1.92,1.32,145,150
0.36,1.48,6,34,sp,-1.92,1.44,143,150
0.36,1.52,6,35,sp,-1.92,1.56,141,150
0.36,1.56,6,36,sp,-1.92,1.68,139,150
0.36,1.6,6,37,nsp,-1.92,1.8,137,150
0.4,1.2,7,27,nsp,-1.8,0.6,162,150
0.4,1.24,7,28,nsp,-1.8,0.72,158,150
0.4,1.28,7,29,nsp,-1.8,0.84,155,150
0.4,1.32,7,30,nsp,-1.8,0.96,152,150
0.4,1.36,7,31,nsp,-1.8,1.08,149,150
0.4,1.4,7,32,sp,-1.8,1.2,146,150
0.4,1.44,7,33,sp,-1.8,1.32,144,150
0.4,1.48,7,34,sp,-1.8,1.44,141,150
0.4,1.52,7,35,sp,-1.8,1.56,139,150
0.4,1.56,7,36,sp,-1.8,1.68,137,150
0.44,1.16,8,26,nsp,-1.68,0.48,164,150
0.44,1.2,8,27,nsp,-1.68,0.6,160,150
0.44,1.24,8,28,nsp,-1.68,0.72,157,150
0.44,1.28,8,29,nsp,-1.68,0.84,153,150
0.44,1.32,8,30,nsp,-1.68,0.96,150,150
0.44,1.36,8,31,nsp,-1.68,1.08,147,150
0.44,1.4,8,32,nsp,-1.68,1.2,144,150
0.44,1.44,8,33,nsp,-1.68,1.32,142,150
0.44,1.48,8,34,sp,-1.68,1.44,139,150
0.44,1.52,8,35,sp,-1.68,1.56,137,150
0.48,1.16,9,26,nsp,-1.56,0.48,163,150
0.48,1.2,9,27,nsp,-1.56,0.6,159,150
0.48,1.24,9,28,nsp,-1.56,0.72,155,150
0.48,1.28,9,29,nsp,-1.56,0.84,152,150
0.48,1.32,9,30,nsp,-1.56,0.96,148,150
0.48,1.36,9,31,nsp,-1.56,1.08,145,150
0.48,1.4,9,32,nsp,-1.56,1.2,142,150
0.48,1.44,9,33,nsp,-1.56,1.32,140,150
0.48,1.48,9,34,nsp,-1.56,1.44,137,150
0.52,1.16,10,26,nsp,-1.44,0.48,162,150
0.52,1.2,10,27,nsp,-1.44,0.6,157,150
0.52,1.24,10,28,nsp,-1.44,0.72,153,150
0.52,1.28,10,29,nsp,-1.44,0.84,150,150
0.52,1.32,10,30,nsp,-1.44,0.96,146,150
0.52,1.36,10,31,nsp,-1.44,1.08,143,150
0.52,1.4,10,32,nsp,-1.44,1.2,140,150
0.52,1.44,10,33,nsp,-1.44,1.32,137,150
0.56,1.16,11,26,nsp,-1.32,0.48,160,150
0.56,1.2,11,27,nsp,-1.32,0.6,156,150
0.56,1.24,11,28,nsp,-1.32,0.72,151,150
0.56,1.28,11,29,nsp,-1.32,0.84,148,150
0.56,1.32,11,30,nsp,-1.32,0.96,144,150
0.56,1.36,11,31,nsp,-1.32,1.08,141,150
0.56,1.4,11,32,nsp,-1.32,1.2,138,150
0.6,1.12,12,25,nsp,-1.2,0.36,163,150
0.6,1.16,12,26,nsp,-1.2,0.48,158,150
0.6,1.2,12,27,nsp,-1.2,0.6,153,150
0.6,1.24,12,28,nsp,-1.2,0.72,149,150
0.6,1.28,12,29,nsp,-1.2,0.84,145,150
0.6,1.32,12,30,nsp,-1.2,0.96,141,150
0.6,1.36,12,31,nsp,-1.2,1.08,138,150
0.64,1.12,13,25,nsp,-1.08,0.36,162,150
0.64,1.16,13,26,nsp,-1.08,0.48,156,150
0.64,1.2,13,27,nsp,-1.08,0.6,151,150
0.64,1.24,13,28,nsp,-1.08,0.72,146,150
0.64,1.28,13,29,nsp,-1.08,0.84,142,150
0.64,1.32,13,30,nsp,-1.08,0.96,138,150
0.68,1.12,14,25,nsp,-0.96,0.36,159,150
0.68,1.16,14,26,nsp,-0.96,0.48,153,150
0.68,1.2,14,27,nsp,-0.96,0.6,148,150
0.68,1.24,14,28,nsp,-0.96,0.72,143,150
0.68,1.28,14,29,nsp,-0.96,0.84,139,150
0.72,1.08,15,24,nsp,-0.84,0.24,164,150
0.72,1.12,15,25,nsp,-0.84,0.36,157,150
0.72,1.16,15,26,nsp,-0.84,0.48,150,150
0.72,1.2,15,27,nsp,-0.84,0.6,144,150
0.72,1.24,15,28,nsp,-0.84,0.72,139,150
0.76,1.08,16,24,nsp,-0.72,0.24,162,150
0.76,1.12,16,25,nsp,-0.72,0.36,153,150
0.76,1.16,16,26,nsp,-0.72,0.48,146,150
0.76,1.2,16,27,nsp,-0.72,0.6,140,150
0.8,1.08,17,24,nsp,-0.6,0.24,158,150
0.8,1.12,17,25,nsp,-0.6,0.36,149,150
0.8,1.16,17,26,nsp,-0.6,0.48,141,150
0.84,1.08,18,24,nsp,-0.48,0.24,153,150
0.84,1.12,18,25,nsp,-0.48,0.36,143,150
0.88,1.04,19,23,nsp,-0.36,0.12,162,150
0.88,1.08,19,24,nsp,-0.36,0.24,146,150
0.92,1.04,20,23,nsp,-0.24,0.12,153,150
0.12,0.8,0,17,nsp,-2.64,-0.6,193,180
0.12,0.84,0,18,nsp,-2.64,-0.48,190,180
0.12,0.88,0,19,nsp,-2.64,-0.36,188,180
0.12,0.92,0,20,nsp,-2.64,-0.24,185,180
0.12,0.96,0,21,nsp,-2.64,-0.12,183,180
0.12,1,0,22,nsp,-2.64,-4.44E-16,180,180
0.12,1.04,0,23,nsp,-2.64,0.12,177,180
0.12,1.08,0,24,nsp,-2.64,0.24,175,180
0.12,1.12,0,25,nsp,-2.64,0.36,172,180
0.12,1.16,0,26,nsp,-2.64,0.48,170,180
0.12,1.2,0,27,nsp,-2.64,0.6,167,180
0.16,0.8,1,17,nsp,-2.52,-0.6,193,180
0.16,0.84,1,18,nsp,-2.52,-0.48,191,180
0.16,0.88,1,19,nsp,-2.52,-0.36,188,180
0.16,0.92,1,20,nsp,-2.52,-0.24,185,180
0.16,0.96,1,21,nsp,-2.52,-0.12,183,180
0.16,1,1,22,nsp,-2.52,-4.44E-16,180,180
0.16,1.04,1,23,nsp,-2.52,0.12,177,180
0.16,1.08,1,24,nsp,-2.52,0.24,175,180
0.16,1.12,1,25,nsp,-2.52,0.36,172,180
0.16,1.16,1,26,nsp,-2.52,0.48,169,180
0.16,1.2,1,27,nsp,-2.52,0.6,167,180
0.2,0.8,2,17,sp,-2.4,-0.6,194,180
0.2,0.84,2,18,sp,-2.4,-0.48,191,180
0.2,0.88,2,19,sp,-2.4,-0.36,189,180
0.2,0.92,2,20,sp,-2.4,-0.24,186,180
0.2,0.96,2,21,sp,-2.4,-0.12,183,180
0.2,1,2,22,sp,-2.4,-4.44E-16,180,180
0.2,1.04,2,23,sp,-2.4,0.12,177,180
0.2,1.08,2,24,sp,-2.4,0.24,174,180
0.2,1.12,2,25,sp,-2.4,0.36,171,180
0.2,1.16,2,26,sp,-2.4,0.48,169,180
0.2,1.2,2,27,sp,-2.4,0.6,166,180
0.24,0.84,3,18,sp,-2.28,-0.48,192,180
0.24,0.88,3,19,sp,-2.28,-0.36,189,180
0.24,0.92,3,20,sp,-2.28,-0.24,186,180
0.24,0.96,3,21,sp,-2.28,-0.12,183,180
0.24,1,3,22,sp,-2.28,-4.44E-16,180,180
0.24,1.04,3,23,sp,-2.28,0.12,177,180
0.24,1.08,3,24,sp,-2.28,0.24,174,180
0.24,1.12,3,25,sp,-2.28,0.36,171,180
0.24,1.16,3,26,sp,-2.28,0.48,168,180
0.28,0.84,4,18,sp,-2.16,-0.48,193,180
0.28,0.88,4,19,sp,-2.16,-0.36,189,180
0.28,0.92,4,20,nsp,-2.16,-0.24,186,180
0.28,0.96,4,21,nsp,-2.16,-0.12,183,180
0.28,1,4,22,nsp,-2.16,-4.44E-16,180,180
0.28,1.04,4,23,nsp,-2.16,0.12,177,180
0.28,1.08,4,24,nsp,-2.16,0.24,174,180
0.28,1.12,4,25,sp,-2.16,0.36,171,180
0.28,1.16,4,26,sp,-2.16,0.48,167,180
0.32,0.84,5,18,nsp,-2.04,-0.48,193,180
0.32,0.88,5,19,nsp,-2.04,-0.36,190,180
0.32,0.92,5,20,nsp,-2.04,-0.24,187,180
0.32,0.96,5,21,nsp,-2.04,-0.12,183,180
0.32,1,5,22,nsp,-2.04,-4.44E-16,180,180
0.32,1.04,5,23,nsp,-2.04,0.12,177,180
0.32,1.08,5,24,nsp,-2.04,0.24,173,180
0.32,1.12,5,25,nsp,-2.04,0.36,170,180
0.32,1.16,5,26,nsp,-2.04,0.48,167,180
0.36,0.84,6,18,nsp,-1.92,-0.48,194,180
0.36,0.88,6,19,nsp,-1.92,-0.36,191,180
0.36,0.92,6,20,nsp,-1.92,-0.24,187,180
0.36,0.96,6,21,nsp,-1.92,-0.12,184,180
0.36,1,6,22,nsp,-1.92,-4.44E-16,180,180
0.36,1.04,6,23,nsp,-1.92,0.12,176,180
0.36,1.08,6,24,nsp,-1.92,0.24,173,180
0.36,1.12,6,25,nsp,-1.92,0.36,169,180
0.36,1.16,6,26,nsp,-1.92,0.48,166,180
0.4,0.88,7,19,nsp,-1.8,-0.36,191,180
0.4,0.92,7,20,nsp,-1.8,-0.24,188,180
0.4,0.96,7,21,nsp,-1.8,-0.12,184,180
0.4,1,7,22,nsp,-1.8,-4.44E-16,180,180
0.4,1.04,7,23,nsp,-1.8,0.12,176,180
0.4,1.08,7,24,nsp,-1.8,0.24,172,180
0.4,1.12,7,25,nsp,-1.8,0.36,169,180
0.44,0.88,8,19,nsp,-1.68,-0.36,192,180
0.44,0.92,8,20,nsp,-1.68,-0.24,188,180
0.44,0.96,8,21,nsp,-1.68,-0.12,184,180
0.44,1,8,22,nsp,-1.68,-4.44E-16,180,180
0.44,1.04,8,23,nsp,-1.68,0.12,176,180
0.44,1.08,8,24,nsp,-1.68,0.24,172,180
0.44,1.12,8,25,nsp,-1.68,0.36,168,180
0.48,0.88,9,19,nsp,-1.56,-0.36,193,180
0.48,0.92,9,20,nsp,-1.56,-0.24,189,180
0.48,0.96,9,21,nsp,-1.56,-0.12,184,180
0.48,1,9,22,nsp,-1.56,-4.44E-16,180,180
0.48,1.04,9,23,nsp,-1.56,0.12,176,180
0.48,1.08,9,24,nsp,-1.56,0.24,171,180
0.48,1.12,9,25,nsp,-1.56,0.36,167,180
0.52,0.88,10,19,nsp,-1.44,-0.36,194,180
0.52,0.92,10,20,nsp,-1.44,-0.24,189,180
0.52,0.96,10,21,nsp,-1.44,-0.12,185,180
0.52,1,10,22,nsp,-1.44,-4.44E-16,180,180
0.52,1.04,10,23,nsp,-1.44,0.12,175,180
0.52,1.08,10,24,nsp,-1.44,0.24,171,180
0.52,1.12,10,25,nsp,-1.44,0.36,166,180
0.56,0.92,11,20,nsp,-1.32,-0.24,190,180
0.56,0.96,11,21,nsp,-1.32,-0.12,185,180
0.56,1,11,22,nsp,-1.32,-4.44E-16,180,180
0.56,1.04,11,23,nsp,-1.32,0.12,175,180
0.56,1.08,11,24,nsp,-1.32,0.24,170,180
0.6,0.92,12,20,nsp,-1.2,-0.24,191,180
0.6,0.96,12,21,nsp,-1.2,-0.12,186,180
0.6,1,12,22,nsp,-1.2,-4.44E-16,180,180
0.6,1.04,12,23,nsp,-1.2,0.12,174,180
0.6,1.08,12,24,nsp,-1.2,0.24,169,180
0.64,0.92,13,20,nsp,-1.08,-0.24,193,180
0.64,0.96,13,21,nsp,-1.08,-0.12,186,180
0.64,1,13,22,nsp,-1.08,-4.44E-16,180,180
0.64,1.04,13,23,nsp,-1.08,0.12,174,180
0.64,1.08,13,24,nsp,-1.08,0.24,167,180
0.68,0.92,14,20,nsp,-0.96,-0.24,194,180
0.68,0.96,14,21,nsp,-0.96,-0.12,187,180
0.68,1,14,22,nsp,-0.96,-4.44E-16,180,180
0.68,1.04,14,23,nsp,-0.96,0.12,173,180
0.68,1.08,14,24,nsp,-0.96,0.24,166,180
0.72,0.96,15,21,nsp,-0.84,-0.12,188,180
0.72,1,15,22,nsp,-0.84,-4.44E-16,180,180
0.72,1.04,15,23,nsp,-0.84,0.12,172,180
0.76,0.96,16,21,nsp,-0.72,-0.12,189,180
0.76,1,16,22,nsp,-0.72,-4.44E-16,180,180
0.76,1.04,16,23,nsp,-0.72,0.12,171,180
0.8,0.96,17,21,nsp,-0.6,-0.12,191,180
0.8,1,17,22,nsp,-0.6,-4.44E-16,180,180
0.8,1.04,17,23,nsp,-0.6,0.12,169,180
0.84,0.96,18,21,nsp,-0.48,-0.12,194,180
0.84,1,18,22,nsp,-0.48,-4.44E-16,180,180
0.84,1.04,18,23,nsp,-0.48,0.12,166,180
0.88,1,19,22,nsp,-0.36,-4.44E-16,180,180
0.92,1,20,22,nsp,-0.24,-4.44E-16,180,180
0.96,1,21,22,nsp,-0.12,-4.44E-16,180,180
0.12,0.16,0,1,nsp,-2.64,-2.52,224,210
0.12,0.2,0,2,nsp,-2.64,-2.4,222,210
0.12,0.24,0,3,nsp,-2.64,-2.28,221,210
0.12,0.28,0,4,nsp,-2.64,-2.16,219,210
0.12,0.32,0,5,nsp,-2.64,-2.04,218,210
0.12,0.36,0,6,nsp,-2.64,-1.92,216,210
0.12,0.4,0,7,nsp,-2.64,-1.8,214,210
0.12,0.44,0,8,nsp,-2.64,-1.68,212,210
0.12,0.48,0,9,nsp,-2.64,-1.56,211,210
0.12,0.52,0,10,nsp,-2.64,-1.44,209,210
0.12,0.56,0,11,nsp,-2.64,-1.32,207,210
0.12,0.6,0,12,nsp,-2.64,-1.2,204,210
0.12,0.64,0,13,nsp,-2.64,-1.08,202,210
0.12,0.68,0,14,nsp,-2.64,-0.96,200,210
0.12,0.72,0,15,nsp,-2.64,-0.84,198,210
0.16,0.2,1,2,nsp,-2.52,-2.4,224,210
0.16,0.24,1,3,nsp,-2.52,-2.28,222,210
0.16,0.28,1,4,nsp,-2.52,-2.16,221,210
0.16,0.32,1,5,nsp,-2.52,-2.04,219,210
0.16,0.36,1,6,nsp,-2.52,-1.92,217,210
0.16,0.4,1,7,nsp,-2.52,-1.8,216,210
0.16,0.44,1,8,nsp,-2.52,-1.68,214,210
0.16,0.48,1,9,nsp,-2.52,-1.56,212,210
0.16,0.52,1,10,nsp,-2.52,-1.44,210,210
0.16,0.56,1,11,nsp,-2.52,-1.32,208,210
0.16,0.6,1,12,nsp,-2.52,-1.2,205,210
0.16,0.64,1,13,nsp,-2.52,-1.08,203,210
0.16,0.68,1,14,nsp,-2.52,-0.96,201,210
0.16,0.72,1,15,nsp,-2.52,-0.84,198,210
0.16,0.76,1,16,nsp,-2.52,-0.72,196,210
0.2,0.24,2,3,nsp,-2.4,-2.28,224,210
0.2,0.28,2,4,nsp,-2.4,-2.16,222,210
0.2,0.32,2,5,nsp,-2.4,-2.04,220,210
0.2,0.36,2,6,nsp,-2.4,-1.92,219,210
0.2,0.4,2,7,nsp,-2.4,-1.8,217,210
0.2,0.44,2,8,nsp,-2.4,-1.68,215,210
0.2,0.48,2,9,nsp,-2.4,-1.56,213,210
0.2,0.52,2,10,nsp,-2.4,-1.44,211,210
0.2,0.56,2,11,nsp,-2.4,-1.32,209,210
0.2,0.6,2,12,nsp,-2.4,-1.2,207,210
0.2,0.64,2,13,nsp,-2.4,-1.08,204,210
0.2,0.68,2,14,nsp,-2.4,-0.96,202,210
0.2,0.72,2,15,nsp,-2.4,-0.84,199,210
0.2,0.76,2,16,sp,-2.4,-0.72,197,210
0.24,0.28,3,4,nsp,-2.28,-2.16,223,210
0.24,0.32,3,5,nsp,-2.28,-2.04,222,210
0.24,0.36,3,6,nsp,-2.28,-1.92,220,210
0.24,0.4,3,7,nsp,-2.28,-1.8,218,210
0.24,0.44,3,8,nsp,-2.28,-1.68,216,210
0.24,0.48,3,9,nsp,-2.28,-1.56,214,210
0.24,0.52,3,10,nsp,-2.28,-1.44,212,210
0.24,0.56,3,11,nsp,-2.28,-1.32,210,210
0.24,0.6,3,12,nsp,-2.28,-1.2,208,210
0.24,0.64,3,13,sp,-2.28,-1.08,205,210
0.24,0.68,3,14,sp,-2.28,-0.96,203,210
0.24,0.72,3,15,sp,-2.28,-0.84,200,210
0.24,0.76,3,16,sp,-2.28,-0.72,198,210
0.28,0.32,4,5,nsp,-2.16,-2.04,223,210
0.28,0.36,4,6,nsp,-2.16,-1.92,222,210
0.28,0.4,4,7,nsp,-2.16,-1.8,220,210
0.28,0.44,4,8,nsp,-2.16,-1.68,218,210
0.28,0.48,4,9,nsp,-2.16,-1.56,216,210
0.28,0.52,4,10,nsp,-2.16,-1.44,214,210
0.28,0.56,4,11,sp,-2.16,-1.32,211,210
0.28,0.6,4,12,sp,-2.16,-1.2,209,210
0.28,0.64,4,13,sp,-2.16,-1.08,207,210
0.28,0.68,4,14,sp,-2.16,-0.96,204,210
0.28,0.72,4,15,sp,-2.16,-0.84,201,210
0.28,0.76,4,16,sp,-2.16,-0.72,198,210
0.28,0.8,4,17,sp,-2.16,-0.6,196,210
0.32,0.36,5,6,nsp,-2.04,-1.92,223,210
0.32,0.4,5,7,nsp,-2.04,-1.8,221,210
0.32,0.44,5,8,nsp,-2.04,-1.68,219,210
0.32,0.48,5,9,nsp,-2.04,-1.56,217,210
0.32,0.52,5,10,sp,-2.04,-1.44,215,210
0.32,0.56,5,11,sp,-2.04,-1.32,213,210
0.32,0.6,5,12,sp,-2.04,-1.2,210,210
0.32,0.64,5,13,sp,-2.04,-1.08,208,210
0.32,0.68,5,14,sp,-2.04,-0.96,205,210
0.32,0.72,5,15,sp,-2.04,-0.84,202,210
0.32,0.76,5,16,sp,-2.04,-0.72,199,210
0.32,0.8,5,17,nsp,-2.04,-0.6,196,210
0.36,0.4,6,7,nsp,-1.92,-1.8,223,210
0.36,0.44,6,8,sp,-1.92,-1.68,221,210
0.36,0.48,6,9,sp,-1.92,-1.56,219,210
0.36,0.52,6,10,sp,-1.92,-1.44,217,210
0.36,0.56,6,11,sp,-1.92,-1.32,215,210
0.36,0.6,6,12,sp,-1.92,-1.2,212,210
0.36,0.64,6,13,sp,-1.92,-1.08,209,210
0.36,0.68,6,14,nsp,-1.92,-0.96,207,210
0.36,0.72,6,15,nsp,-1.92,-0.84,204,210
0.36,0.76,6,16,nsp,-1.92,-0.72,201,210
0.36,0.8,6,17,nsp,-1.92,-0.6,197,210
0.4,0.44,7,8,sp,-1.8,-1.68,223,210
0.4,0.48,7,9,sp,-1.8,-1.56,221,210
0.4,0.52,7,10,sp,-1.8,-1.44,219,210
0.4,0.56,7,11,sp,-1.8,-1.32,216,210
0.4,0.6,7,12,sp,-1.8,-1.2,214,210
0.4,0.64,7,13,nsp,-1.8,-1.08,211,210
0.4,0.68,7,14,nsp,-1.8,-0.96,208,210
0.4,0.72,7,15,nsp,-1.8,-0.84,205,210
0.4,0.76,7,16,nsp,-1.8,-0.72,202,210
0.4,0.8,7,17,nsp,-1.8,-0.6,198,210
0.44,0.48,8,9,sp,-1.68,-1.56,223,210
0.44,0.52,8,10,sp,-1.68,-1.44,221,210
0.44,0.56,8,11,nsp,-1.68,-1.32,218,210
0.44,0.6,8,12,nsp,-1.68,-1.2,216,210
0.44,0.64,8,13,nsp,-1.68,-1.08,213,210
0.44,0.68,8,14,nsp,-1.68,-0.96,210,210
0.44,0.72,8,15,nsp,-1.68,-0.84,207,210
0.44,0.76,8,16,nsp,-1.68,-0.72,203,210
0.44,0.8,8,17,nsp,-1.68,-0.6,200,210
0.44,0.84,8,18,nsp,-1.68,-0.48,196,210
0.48,0.52,9,10,nsp,-1.56,-1.44,223,210
0.48,0.56,9,11,nsp,-1.56,-1.32,220,210
0.48,0.6,9,12,nsp,-1.56,-1.2,218,210
0.48,0.64,9,13,nsp,-1.56,-1.08,215,210
0.48,0.68,9,14,nsp,-1.56,-0.96,212,210
0.48,0.72,9,15,nsp,-1.56,-0.84,208,210
0.48,0.76,9,16,nsp,-1.56,-0.72,205,210
0.48,0.8,9,17,nsp,-1.56,-0.6,201,210
0.48,0.84,9,18,nsp,-1.56,-0.48,197,210
0.52,0.56,10,11,nsp,-1.44,-1.32,223,210
0.52,0.6,10,12,nsp,-1.44,-1.2,220,210
0.52,0.64,10,13,nsp,-1.44,-1.08,217,210
0.52,0.68,10,14,nsp,-1.44,-0.96,214,210
0.52,0.72,10,15,nsp,-1.44,-0.84,210,210
0.52,0.76,10,16,nsp,-1.44,-0.72,207,210
0.52,0.8,10,17,nsp,-1.44,-0.6,203,210
0.52,0.84,10,18,nsp,-1.44,-0.48,198,210
0.56,0.6,11,12,nsp,-1.32,-1.2,222,210
0.56,0.64,11,13,nsp,-1.32,-1.08,219,210
0.56,0.68,11,14,nsp,-1.32,-0.96,216,210
0.56,0.72,11,15,nsp,-1.32,-0.84,212,210
0.56,0.76,11,16,nsp,-1.32,-0.72,209,210
0.56,0.8,11,17,nsp,-1.32,-0.6,204,210
0.56,0.84,11,18,nsp,-1.32,-0.48,200,210
0.6,0.64,12,13,nsp,-1.2,-1.08,222,210
0.6,0.68,12,14,nsp,-1.2,-0.96,219,210
0.6,0.72,12,15,nsp,-1.2,-0.84,215,210
0.6,0.76,12,16,nsp,-1.2,-0.72,211,210
0.6,0.8,12,17,nsp,-1.2,-0.6,207,210
0.6,0.84,12,18,nsp,-1.2,-0.48,202,210
0.6,0.88,12,19,nsp,-1.2,-0.36,197,210
0.64,0.68,13,14,nsp,-1.08,-0.96,222,210
0.64,0.72,13,15,nsp,-1.08,-0.84,218,210
0.64,0.76,13,16,nsp,-1.08,-0.72,214,210
0.64,0.8,13,17,nsp,-1.08,-0.6,209,210
0.64,0.84,13,18,nsp,-1.08,-0.48,204,210
0.64,0.88,13,19,nsp,-1.08,-0.36,198,210
0.68,0.72,14,15,nsp,-0.96,-0.84,221,210
0.68,0.76,14,16,nsp,-0.96,-0.72,217,210
0.68,0.8,14,17,nsp,-0.96,-0.6,212,210
0.68,0.84,14,18,nsp,-0.96,-0.48,207,210
0.68,0.88,14,19,nsp,-0.96,-0.36,201,210
0.72,0.76,15,16,nsp,-0.84,-0.72,221,210
0.72,0.8,15,17,nsp,-0.84,-0.6,216,210
0.72,0.84,15,18,nsp,-0.84,-0.48,210,210
0.72,0.88,15,19,nsp,-0.84,-0.36,203,210
0.72,0.92,15,20,nsp,-0.84,-0.24,196,210
0.76,0.8,16,17,nsp,-0.72,-0.6,220,210
0.76,0.84,16,18,nsp,-0.72,-0.48,214,210
0.76,0.88,16,19,nsp,-0.72,-0.36,207,210
0.76,0.92,16,20,nsp,-0.72,-0.24,198,210
0.8,0.84,17,18,nsp,-0.6,-0.48,219,210
0.8,0.88,17,19,nsp,-0.6,-0.36,211,210
0.8,0.92,17,20,nsp,-0.6,-0.24,202,210
0.84,0.88,18,19,nsp,-0.48,-0.36,217,210
0.84,0.92,18,20,nsp,-0.48,-0.24,207,210
0.88,0.92,19,20,nsp,-0.36,-0.24,214,210
0.88,0.96,19,21,nsp,-0.36,-0.12,198,210
0.92,0.96,20,21,nsp,-0.24,-0.12,207,210
0.16,0.12,1,0,nsp,-2.52,-2.64,226,240
0.2,0.12,2,0,nsp,-2.4,-2.64,228,240
0.2,0.16,2,1,nsp,-2.4,-2.52,226,240
0.24,0.12,3,0,nsp,-2.28,-2.64,229,240
0.24,0.16,3,1,nsp,-2.28,-2.52,228,240
0.24,0.2,3,2,nsp,-2.28,-2.4,226,240
0.28,0.12,4,0,nsp,-2.16,-2.64,231,240
0.28,0.16,4,1,nsp,-2.16,-2.52,229,240
0.28,0.2,4,2,nsp,-2.16,-2.4,228,240
0.28,0.24,4,3,nsp,-2.16,-2.28,227,240
0.32,0.12,5,0,nsp,-2.04,-2.64,232,240
0.32,0.16,5,1,nsp,-2.04,-2.52,231,240
0.32,0.2,5,2,nsp,-2.04,-2.4,230,240
0.32,0.24,5,3,nsp,-2.04,-2.28,228,240
0.32,0.28,5,4,nsp,-2.04,-2.16,227,240
0.36,0.12,6,0,nsp,-1.92,-2.64,234,240
0.36,0.16,6,1,nsp,-1.92,-2.52,233,240
0.36,0.2,6,2,nsp,-1.92,-2.4,231,240
0.36,0.24,6,3,nsp,-1.92,-2.28,230,240
0.36,0.28,6,4,nsp,-1.92,-2.16,228,240
0.36,0.32,6,5,nsp,-1.92,-2.04,227,240
0.4,0.12,7,0,nsp,-1.8,-2.64,236,240
0.4,0.16,7,1,nsp,-1.8,-2.52,234,240
0.4,0.2,7,2,nsp,-1.8,-2.4,233,240
0.4,0.24,7,3,nsp,-1.8,-2.28,232,240
0.4,0.28,7,4,nsp,-1.8,-2.16,230,240
0.4,0.32,7,5,nsp,-1.8,-2.04,229,240
0.4,0.36,7,6,nsp,-1.8,-1.92,227,240
0.44,0.12,8,0,nsp,-1.68,-2.64,238,240
0.44,0.16,8,1,nsp,-1.68,-2.52,236,240
0.44,0.2,8,2,nsp,-1.68,-2.4,235,240
0.44,0.24,8,3,nsp,-1.68,-2.28,234,240
0.44,0.28,8,4,nsp,-1.68,-2.16,232,240
0.44,0.32,8,5,nsp,-1.68,-2.04,231,240
0.44,0.36,8,6,sp,-1.68,-1.92,229,240
0.44,0.4,8,7,sp,-1.68,-1.8,227,240
0.48,0.12,9,0,nsp,-1.56,-2.64,239,240
0.48,0.16,9,1,nsp,-1.56,-2.52,238,240
0.48,0.2,9,2,nsp,-1.56,-2.4,237,240
0.48,0.24,9,3,nsp,-1.56,-2.28,236,240
0.48,0.28,9,4,nsp,-1.56,-2.16,234,240
0.48,0.32,9,5,nsp,-1.56,-2.04,233,240
0.48,0.36,9,6,sp,-1.56,-1.92,231,240
0.48,0.4,9,7,sp,-1.56,-1.8,229,240
0.48,0.44,9,8,sp,-1.56,-1.68,227,240
0.52,0.12,10,0,nsp,-1.44,-2.64,241,240
0.52,0.16,10,1,nsp,-1.44,-2.52,240,240
0.52,0.2,10,2,nsp,-1.44,-2.4,239,240
0.52,0.24,10,3,nsp,-1.44,-2.28,238,240
0.52,0.28,10,4,nsp,-1.44,-2.16,236,240
0.52,0.32,10,5,sp,-1.44,-2.04,235,240
0.52,0.36,10,6,sp,-1.44,-1.92,233,240
0.52,0.4,10,7,sp,-1.44,-1.8,231,240
0.52,0.44,10,8,sp,-1.44,-1.68,229,240
0.52,0.48,10,9,nsp,-1.44,-1.56,227,240
0.56,0.12,11,0,nsp,-1.32,-2.64,243,240
0.56,0.16,11,1,nsp,-1.32,-2.52,242,240
0.56,0.2,11,2,nsp,-1.32,-2.4,241,240
0.56,0.24,11,3,nsp,-1.32,-2.28,240,240
0.56,0.28,11,4,sp,-1.32,-2.16,239,240
0.56,0.32,11,5,sp,-1.32,-2.04,237,240
0.56,0.36,11,6,sp,-1.32,-1.92,235,240
0.56,0.4,11,7,sp,-1.32,-1.8,234,240
0.56,0.44,11,8,nsp,-1.32,-1.68,232,240
0.56,0.48,11,9,nsp,-1.32,-1.56,230,240
0.56,0.52,11,10,nsp,-1.32,-1.44,227,240
0.6,0.12,12,0,nsp,-1.2,-2.64,246,240
0.6,0.16,12,1,nsp,-1.2,-2.52,245,240
0.6,0.2,12,2,nsp,-1.2,-2.4,243,240
0.6,0.24,12,3,nsp,-1.2,-2.28,242,240
0.6,0.28,12,4,sp,-1.2,-2.16,241,240
0.6,0.32,12,5,sp,-1.2,-2.04,240,240
0.6,0.36,12,6,sp,-1.2,-1.92,238,240
0.6,0.4,12,7,sp,-1.2,-1.8,236,240
0.6,0.44,12,8,nsp,-1.2,-1.68,234,240
0.6,0.48,12,9,nsp,-1.2,-1.56,232,240
0.6,0.52,12,10,nsp,-1.2,-1.44,230,240
0.6,0.56,12,11,nsp,-1.2,-1.32,228,240
0.64,0.12,13,0,nsp,-1.08,-2.64,248,240
0.64,0.16,13,1,nsp,-1.08,-2.52,247,240
0.64,0.2,13,2,nsp,-1.08,-2.4,246,240
0.64,0.24,13,3,sp,-1.08,-2.28,245,240
0.64,0.28,13,4,sp,-1.08,-2.16,243,240
0.64,0.32,13,5,sp,-1.08,-2.04,242,240
0.64,0.36,13,6,sp,-1.08,-1.92,241,240
0.64,0.4,13,7,nsp,-1.08,-1.8,239,240
0.64,0.44,13,8,nsp,-1.08,-1.68,237,240
0.64,0.48,13,9,nsp,-1.08,-1.56,235,240
0.64,0.52,13,10,nsp,-1.08,-1.44,233,240
0.64,0.56,13,11,nsp,-1.08,-1.32,231,240
0.64,0.6,13,12,nsp,-1.08,-1.2,228,240
0.68,0.12,14,0,nsp,-0.96,-2.64,250,240
0.68,0.16,14,1,nsp,-0.96,-2.52,249,240
0.68,0.2,14,2,nsp,-0.96,-2.4,248,240
0.68,0.24,14,3,sp,-0.96,-2.28,247,240
0.68,0.28,14,4,sp,-0.96,-2.16,246,240
0.68,0.32,14,5,sp,-0.96,-2.04,245,240
0.68,0.36,14,6,nsp,-0.96,-1.92,243,240
0.68,0.4,14,7,nsp,-0.96,-1.8,242,240
0.68,0.44,14,8,nsp,-0.96,-1.68,240,240
0.68,0.48,14,9,nsp,-0.96,-1.56,238,240
0.68,0.52,14,10,nsp,-0.96,-1.44,236,240
0.68,0.56,14,11,nsp,-0.96,-1.32,234,240
0.68,0.6,14,12,nsp,-0.96,-1.2,231,240
0.68,0.64,14,13,nsp,-0.96,-1.08,228,240
0.72,0.12,15,0,nsp,-0.84,-2.64,252,240
0.72,0.16,15,1,nsp,-0.84,-2.52,252,240
0.72,0.2,15,2,nsp,-0.84,-2.4,251,240
0.72,0.24,15,3,sp,-0.84,-2.28,250,240
0.72,0.28,15,4,sp,-0.84,-2.16,249,240
0.72,0.32,15,5,sp,-0.84,-2.04,248,240
0.72,0.36,15,6,nsp,-0.84,-1.92,246,240
0.72,0.4,15,7,nsp,-0.84,-1.8,245,240
0.72,0.44,15,8,nsp,-0.84,-1.68,243,240
0.72,0.48,15,9,nsp,-0.84,-1.56,242,240
0.72,0.52,15,10,nsp,-0.84,-1.44,240,240
0.72,0.56,15,11,nsp,-0.84,-1.32,238,240
0.72,0.6,15,12,nsp,-0.84,-1.2,235,240
0.72,0.64,15,13,nsp,-0.84,-1.08,232,240
0.72,0.68,15,14,nsp,-0.84,-0.96,229,240
0.76,0.16,16,1,nsp,-0.72,-2.52,254,240
0.76,0.2,16,2,sp,-0.72,-2.4,253,240
0.76,0.24,16,3,sp,-0.72,-2.28,252,240
0.76,0.28,16,4,sp,-0.72,-2.16,252,240
0.76,0.32,16,5,sp,-0.72,-2.04,251,240
0.76,0.36,16,6,nsp,-0.72,-1.92,249,240
0.76,0.4,16,7,nsp,-0.72,-1.8,248,240
0.76,0.44,16,8,nsp,-0.72,-1.68,247,240
0.76,0.48,16,9,nsp,-0.72,-1.56,245,240
0.76,0.52,16,10,nsp,-0.72,-1.44,243,240
0.76,0.56,16,11,nsp,-0.72,-1.32,241,240
0.76,0.6,16,12,nsp,-0.72,-1.2,239,240
0.76,0.64,16,13,nsp,-0.72,-1.08,236,240
0.76,0.68,16,14,nsp,-0.72,-0.96,233,240
0.76,0.72,16,15,nsp,-0.72,-0.84,229,240
0.8,0.28,17,4,sp,-0.6,-2.16,254,240
0.8,0.32,17,5,nsp,-0.6,-2.04,254,240
0.8,0.36,17,6,nsp,-0.6,-1.92,253,240
0.8,0.4,17,7,nsp,-0.6,-1.8,252,240
0.8,0.44,17,8,nsp,-0.6,-1.68,250,240
0.8,0.48,17,9,nsp,-0.6,-1.56,249,240
0.8,0.52,17,10,nsp,-0.6,-1.44,247,240
0.8,0.56,17,11,nsp,-0.6,-1.32,246,240
0.8,0.6,17,12,nsp,-0.6,-1.2,243,240
0.8,0.64,17,13,nsp,-0.6,-1.08,241,240
0.8,0.68,17,14,nsp,-0.6,-0.96,238,240
0.8,0.72,17,15,nsp,-0.6,-0.84,234,240
0.8,0.76,17,16,nsp,-0.6,-0.72,230,240
0.84,0.44,18,8,nsp,-0.48,-1.68,254,240
0.84,0.48,18,9,nsp,-0.48,-1.56,253,240
0.84,0.52,18,10,nsp,-0.48,-1.44,252,240
0.84,0.56,18,11,nsp,-0.48,-1.32,250,240
0.84,0.6,18,12,nsp,-0.48,-1.2,248,240
0.84,0.64,18,13,nsp,-0.48,-1.08,246,240
0.84,0.68,18,14,nsp,-0.48,-0.96,243,240
0.84,0.72,18,15,nsp,-0.48,-0.84,240,240
0.84,0.76,18,16,nsp,-0.48,-0.72,236,240
0.84,0.8,18,17,nsp,-0.48,-0.6,231,240
0.88,0.6,19,12,nsp,-0.36,-1.2,253,240
0.88,0.64,19,13,nsp,-0.36,-1.08,252,240
0.88,0.68,19,14,nsp,-0.36,-0.96,249,240
0.88,0.72,19,15,nsp,-0.36,-0.84,247,240
0.88,0.76,19,16,nsp,-0.36,-0.72,243,240
0.88,0.8,19,17,nsp,-0.36,-0.6,239,240
0.88,0.84,19,18,nsp,-0.36,-0.48,233,240
0.92,0.72,20,15,nsp,-0.24,-0.84,254,240
0.92,0.76,20,16,nsp,-0.24,-0.72,252,240
0.92,0.8,20,17,nsp,-0.24,-0.6,248,240
0.92,0.84,20,18,nsp,-0.24,-0.48,243,240
0.92,0.88,20,19,nsp,-0.24,-0.36,236,240
0.96,0.88,21,19,nsp,-0.12,-0.36,252,240
0.96,0.92,21,20,nsp,-0.12,-0.24,243,240
0.8,0.12,17,0,nsp,-0.6,-2.64,257,270
0.8,0.16,17,1,nsp,-0.6,-2.52,257,270
0.8,0.2,17,2,sp,-0.6,-2.4,256,270
0.84,0.12,18,0,nsp,-0.48,-2.64,260,270
0.84,0.16,18,1,nsp,-0.48,-2.52,259,270
0.84,0.2,18,2,sp,-0.48,-2.4,259,270
0.84,0.24,18,3,sp,-0.48,-2.28,258,270
0.84,0.28,18,4,sp,-0.48,-2.16,257,270
0.84,0.32,18,5,nsp,-0.48,-2.04,257,270
0.84,0.36,18,6,nsp,-0.48,-1.92,256,270
0.88,0.12,19,0,nsp,-0.36,-2.64,262,270
0.88,0.16,19,1,nsp,-0.36,-2.52,262,270
0.88,0.2,19,2,sp,-0.36,-2.4,261,270
0.88,0.24,19,3,sp,-0.36,-2.28,261,270
0.88,0.28,19,4,sp,-0.36,-2.16,261,270
0.88,0.32,19,5,nsp,-0.36,-2.04,260,270
0.88,0.36,19,6,nsp,-0.36,-1.92,259,270
0.88,0.4,19,7,nsp,-0.36,-1.8,259,270
0.88,0.44,19,8,nsp,-0.36,-1.68,258,270
0.88,0.48,19,9,nsp,-0.36,-1.56,257,270
0.88,0.52,19,10,nsp,-0.36,-1.44,256,270
0.92,0.12,20,0,nsp,-0.24,-2.64,265,270
0.92,0.16,20,1,nsp,-0.24,-2.52,265,270
0.92,0.2,20,2,sp,-0.24,-2.4,264,270
0.92,0.24,20,3,sp,-0.24,-2.28,264,270
0.92,0.28,20,4,nsp,-0.24,-2.16,264,270
0.92,0.32,20,5,nsp,-0.24,-2.04,263,270
0.92,0.36,20,6,nsp,-0.24,-1.92,263,270
0.92,0.4,20,7,nsp,-0.24,-1.8,262,270
0.92,0.44,20,8,nsp,-0.24,-1.68,262,270
0.92,0.48,20,9,nsp,-0.24,-1.56,261,270
0.92,0.52,20,10,nsp,-0.24,-1.44,261,270
0.92,0.56,20,11,nsp,-0.24,-1.32,260,270
0.92,0.6,20,12,nsp,-0.24,-1.2,259,270
0.92,0.64,20,13,nsp,-0.24,-1.08,257,270
0.92,0.68,20,14,nsp,-0.24,-0.96,256,270
0.96,0.12,21,0,nsp,-0.12,-2.64,267,270
0.96,0.16,21,1,nsp,-0.12,-2.52,267,270
0.96,0.2,21,2,sp,-0.12,-2.4,267,270
0.96,0.24,21,3,sp,-0.12,-2.28,267,270
0.96,0.28,21,4,nsp,-0.12,-2.16,267,270
0.96,0.32,21,5,nsp,-0.12,-2.04,267,270
0.96,0.36,21,6,nsp,-0.12,-1.92,266,270
0.96,0.4,21,7,nsp,-0.12,-1.8,266,270
0.96,0.44,21,8,nsp,-0.12,-1.68,266,270
0.96,0.48,21,9,nsp,-0.12,-1.56,266,270
0.96,0.52,21,10,nsp,-0.12,-1.44,265,270
0.96,0.56,21,11,nsp,-0.12,-1.32,265,270
0.96,0.6,21,12,nsp,-0.12,-1.2,264,270
0.96,0.64,21,13,nsp,-0.12,-1.08,264,270
0.96,0.68,21,14,nsp,-0.12,-0.96,263,270
0.96,0.72,21,15,nsp,-0.12,-0.84,262,270
0.96,0.76,21,16,nsp,-0.12,-0.72,261,270
0.96,0.8,21,17,nsp,-0.12,-0.6,259,270
0.96,0.84,21,18,nsp,-0.12,-0.48,256,270
1,0.12,22,0,nsp,-4.44E-16,-2.64,270,270
1,0.16,22,1,nsp,-4.44E-16,-2.52,270,270
1,0.2,22,2,sp,-4.44E-16,-2.4,270,270
1,0.24,22,3,sp,-4.44E-16,-2.28,270,270
1,0.28,22,4,nsp,-4.44E-16,-2.16,270,270
1,0.32,22,5,nsp,-4.44E-16,-2.04,270,270
1,0.36,22,6,nsp,-4.44E-16,-1.92,270,270
1,0.4,22,7,nsp,-4.44E-16,-1.8,270,270
1,0.44,22,8,nsp,-4.44E-16,-1.68,270,270
1,0.48,22,9,nsp,-4.44E-16,-1.56,270,270
1,0.52,22,10,nsp,-4.44E-16,-1.44,270,270
1,0.56,22,11,nsp,-4.44E-16,-1.32,270,270
1,0.6,22,12,nsp,-4.44E-16,-1.2,270,270
1,0.64,22,13,nsp,-4.44E-16,-1.08,270,270
1,0.68,22,14,nsp,-4.44E-16,-0.96,270,270
1,0.72,22,15,nsp,-4.44E-16,-0.84,270,270
1,0.76,22,16,nsp,-4.44E-16,-0.72,270,270
1,0.8,22,17,nsp,-4.44E-16,-0.6,270,270
1,0.84,22,18,nsp,-4.44E-16,-0.48,270,270
1,0.88,22,19,nsp,-4.44E-16,-0.36,270,270
1,0.92,22,20,nsp,-4.44E-16,-0.24,270,270
1,0.96,22,21,nsp,-4.44E-16,-0.12,270,270
1.04,0.12,23,0,nsp,0.12,-2.64,273,270
1.04,0.16,23,1,nsp,0.12,-2.52,273,270
1.04,0.2,23,2,sp,0.12,-2.4,273,270
1.04,0.24,23,3,sp,0.12,-2.28,273,270
1.04,0.28,23,4,nsp,0.12,-2.16,273,270
1.04,0.32,23,5,nsp,0.12,-2.04,273,270
1.04,0.36,23,6,nsp,0.12,-1.92,274,270
1.04,0.4,23,7,nsp,0.12,-1.8,274,270
1.04,0.44,23,8,nsp,0.12,-1.68,274,270
1.04,0.48,23,9,nsp,0.12,-1.56,274,270
1.04,0.52,23,10,nsp,0.12,-1.44,275,270
1.04,0.56,23,11,nsp,0.12,-1.32,275,270
1.04,0.6,23,12,nsp,0.12,-1.2,276,270
1.04,0.64,23,13,nsp,0.12,-1.08,276,270
1.04,0.68,23,14,nsp,0.12,-0.96,277,270
1.04,0.72,23,15,nsp,0.12,-0.84,278,270
1.04,0.76,23,16,nsp,0.12,-0.72,279,270
1.04,0.8,23,17,nsp,0.12,-0.6,281,270
1.04,0.84,23,18,nsp,0.12,-0.48,284,270
1.08,0.12,24,0,nsp,0.24,-2.64,275,270
1.08,0.16,24,1,nsp,0.24,-2.52,275,270
1.08,0.2,24,2,sp,0.24,-2.4,276,270
1.08,0.24,24,3,sp,0.24,-2.28,276,270
1.08,0.28,24,4,nsp,0.24,-2.16,276,270
1.08,0.32,24,5,nsp,0.24,-2.04,277,270
1.08,0.36,24,6,nsp,0.24,-1.92,277,270
1.08,0.4,24,7,nsp,0.24,-1.8,278,270
1.08,0.44,24,8,nsp,0.24,-1.68,278,270
1.08,0.48,24,9,nsp,0.24,-1.56,279,270
1.08,0.52,24,10,nsp,0.24,-1.44,279,270
1.08,0.56,24,11,nsp,0.24,-1.32,280,270
1.08,0.6,24,12,nsp,0.24,-1.2,281,270
1.08,0.64,24,13,nsp,0.24,-1.08,283,270
1.08,0.68,24,14,nsp,0.24,-0.96,284,270
1.12,0.12,25,0,nsp,0.36,-2.64,278,270
1.12,0.16,25,1,nsp,0.36,-2.52,278,270
1.12,0.2,25,2,sp,0.36,-2.4,279,270
1.12,0.24,25,3,sp,0.36,-2.28,279,270
1.12,0.28,25,4,sp,0.36,-2.16,279,270
1.12,0.32,25,5,nsp,0.36,-2.04,280,270
1.12,0.36,25,6,nsp,0.36,-1.92,281,270
1.12,0.4,25,7,nsp,0.36,-1.8,281,270
1.12,0.44,25,8,nsp,0.36,-1.68,282,270
1.12,0.48,25,9,nsp,0.36,-1.56,283,270
1.12,0.52,25,10,nsp,0.36,-1.44,284,270
1.16,0.12,26,0,nsp,0.48,-2.64,280,270
1.16,0.16,26,1,nsp,0.48,-2.52,281,270
1.16,0.2,26,2,sp,0.48,-2.4,281,270
1.16,0.24,26,3,sp,0.48,-2.28,282,270
1.16,0.28,26,4,sp,0.48,-2.16,283,270
1.16,0.32,26,5,nsp,0.48,-2.04,283,270
1.16,0.36,26,6,nsp,0.48,-1.92,284,270
1.2,0.12,27,0,nsp,0.6,-2.64,283,270
1.2,0.16,27,1,nsp,0.6,-2.52,283,270
1.2,0.2,27,2,sp,0.6,-2.4,284,270
1.04,0.88,23,19,nsp,0.12,-0.36,288,300
1.04,0.92,23,20,nsp,0.12,-0.24,297,300
1.08,0.72,24,15,nsp,0.24,-0.84,286,300
1.08,0.76,24,16,nsp,0.24,-0.72,288,300
1.08,0.8,24,17,nsp,0.24,-0.6,292,300
1.08,0.84,24,18,nsp,0.24,-0.48,297,300
1.08,0.88,24,19,nsp,0.24,-0.36,304,300
1.12,0.6,25,12,nsp,0.36,-1.2,287,300
1.12,0.64,25,13,nsp,0.36,-1.08,288,300
1.12,0.68,25,14,nsp,0.36,-0.96,291,300
1.12,0.72,25,15,nsp,0.36,-0.84,293,300
1.12,0.76,25,16,nsp,0.36,-0.72,297,300
1.12,0.8,25,17,nsp,0.36,-0.6,301,300
1.12,0.84,25,18,nsp,0.36,-0.48,307,300
1.16,0.44,26,8,nsp,0.48,-1.68,286,300
1.16,0.48,26,9,nsp,0.48,-1.56,287,300
1.16,0.52,26,10,nsp,0.48,-1.44,288,300
1.16,0.56,26,11,nsp,0.48,-1.32,290,300
1.16,0.6,26,12,nsp,0.48,-1.2,292,300
1.16,0.64,26,13,nsp,0.48,-1.08,294,300
1.16,0.68,26,14,nsp,0.48,-0.96,297,300
1.16,0.72,26,15,nsp,0.48,-0.84,300,300
1.16,0.76,26,16,nsp,0.48,-0.72,304,300
1.16,0.8,26,17,nsp,0.48,-0.6,309,300
1.2,0.28,27,4,sp,0.6,-2.16,286,300
1.2,0.32,27,5,nsp,0.6,-2.04,286,300
1.2,0.36,27,6,nsp,0.6,-1.92,287,300
1.2,0.4,27,7,nsp,0.6,-1.8,288,300
1.2,0.44,27,8,nsp,0.6,-1.68,290,300
1.2,0.48,27,9,nsp,0.6,-1.56,291,300
1.2,0.52,27,10,nsp,0.6,-1.44,293,300
1.2,0.56,27,11,nsp,0.6,-1.32,294,300
1.2,0.6,27,12,nsp,0.6,-1.2,297,300
1.2,0.64,27,13,nsp,0.6,-1.08,299,300
1.2,0.68,27,14,nsp,0.6,-0.96,302,300
1.2,0.72,27,15,nsp,0.6,-0.84,306,300
1.2,0.76,27,16,nsp,0.6,-0.72,310,300
1.24,0.16,28,1,nsp,0.72,-2.52,286,300
1.24,0.2,28,2,sp,0.72,-2.4,287,300
1.24,0.24,28,3,sp,0.72,-2.28,288,300
1.24,0.28,28,4,sp,0.72,-2.16,288,300
1.24,0.32,28,5,sp,0.72,-2.04,289,300
1.24,0.36,28,6,nsp,0.72,-1.92,291,300
1.24,0.4,28,7,nsp,0.72,-1.8,292,300
1.24,0.44,28,8,nsp,0.72,-1.68,293,300
1.24,0.48,28,9,nsp,0.72,-1.56,295,300
1.24,0.52,28,10,nsp,0.72,-1.44,297,300
1.24,0.56,28,11,nsp,0.72,-1.32,299,300
1.24,0.6,28,12,nsp,0.72,-1.2,301,300
1.24,0.64,28,13,nsp,0.72,-1.08,304,300
1.24,0.68,28,14,nsp,0.72,-0.96,307,300
1.24,0.72,28,15,nsp,0.72,-0.84,311,300
1.28,0.12,29,0,nsp,0.84,-2.64,288,300
1.28,0.16,29,1,nsp,0.84,-2.52,288,300
1.28,0.2,29,2,nsp,0.84,-2.4,289,300
1.28,0.24,29,3,sp,0.84,-2.28,290,300
1.28,0.28,29,4,sp,0.84,-2.16,291,300
1.28,0.32,29,5,sp,0.84,-2.04,292,300
1.28,0.36,29,6,nsp,0.84,-1.92,294,300
1.28,0.4,29,7,nsp,0.84,-1.8,295,300
1.28,0.44,29,8,nsp,0.84,-1.68,297,300
1.28,0.48,29,9,nsp,0.84,-1.56,298,300
1.28,0.52,29,10,nsp,0.84,-1.44,300,300
1.28,0.56,29,11,nsp,0.84,-1.32,302,300
1.28,0.6,29,12,nsp,0.84,-1.2,305,300
1.28,0.64,29,13,nsp,0.84,-1.08,308,300
1.28,0.68,29,14,nsp,0.84,-0.96,311,300
1.32,0.12,30,0,nsp,0.96,-2.64,290,300
1.32,0.16,30,1,nsp,0.96,-2.52,291,300
1.32,0.2,30,2,nsp,0.96,-2.4,292,300
1.32,0.24,30,3,sp,0.96,-2.28,293,300
1.32,0.28,30,4,sp,0.96,-2.16,294,300
1.32,0.32,30,5,sp,0.96,-2.04,295,300
1.32,0.36,30,6,nsp,0.96,-1.92,297,300
1.32,0.4,30,7,nsp,0.96,-1.8,298,300
1.32,0.44,30,8,nsp,0.96,-1.68,300,300
1.32,0.48,30,9,nsp,0.96,-1.56,302,300
1.32,0.52,30,10,nsp,0.96,-1.44,304,300
1.32,0.56,30,11,nsp,0.96,-1.32,306,300
1.32,0.6,30,12,nsp,0.96,-1.2,309,300
1.32,0.64,30,13,nsp,0.96,-1.08,312,300
1.36,0.12,31,0,nsp,1.08,-2.64,292,300
1.36,0.16,31,1,nsp,1.08,-2.52,293,300
1.36,0.2,31,2,nsp,1.08,-2.4,294,300
1.36,0.24,31,3,sp,1.08,-2.28,295,300
1.36,0.28,31,4,sp,1.08,-2.16,297,300
1.36,0.32,31,5,sp,1.08,-2.04,298,300
1.36,0.36,31,6,sp,1.08,-1.92,299,300
1.36,0.4,31,7,nsp,1.08,-1.8,301,300
1.36,0.44,31,8,nsp,1.08,-1.68,303,300
1.36,0.48,31,9,nsp,1.08,-1.56,305,300
1.36,0.52,31,10,nsp,1.08,-1.44,307,300
1.36,0.56,31,11,nsp,1.08,-1.32,309,300
1.36,0.6,31,12,nsp,1.08,-1.2,312,300
1.4,0.12,32,0,nsp,1.2,-2.64,294,300
1.4,0.16,32,1,nsp,1.2,-2.52,295,300
1.4,0.2,32,2,nsp,1.2,-2.4,297,300
1.4,0.24,32,3,nsp,1.2,-2.28,298,300
1.4,0.28,32,4,sp,1.2,-2.16,299,300
1.4,0.32,32,5,sp,1.2,-2.04,300,300
1.4,0.36,32,6,sp,1.2,-1.92,302,300
1.4,0.4,32,7,sp,1.2,-1.8,304,300
1.4,0.44,32,8,nsp,1.2,-1.68,306,300
1.4,0.48,32,9,nsp,1.2,-1.56,308,300
1.4,0.52,32,10,nsp,1.2,-1.44,310,300
1.4,0.56,32,11,nsp,1.2,-1.32,312,300
1.44,0.12,33,0,nsp,1.32,-2.64,297,300
1.44,0.16,33,1,nsp,1.32,-2.52,298,300
1.44,0.2,33,2,nsp,1.32,-2.4,299,300
1.44,0.24,33,3,nsp,1.32,-2.28,300,300
1.44,0.28,33,4,sp,1.32,-2.16,301,300
1.44,0.32,33,5,sp,1.32,-2.04,303,300
1.44,0.36,33,6,sp,1.32,-1.92,305,300
1.44,0.4,33,7,sp,1.32,-1.8,306,300
1.44,0.44,33,8,nsp,1.32,-1.68,308,300
1.44,0.48,33,9,nsp,1.32,-1.56,310,300
1.44,0.52,33,10,nsp,1.32,-1.44,313,300
1.48,0.12,34,0,nsp,1.44,-2.64,299,300
1.48,0.16,34,1,nsp,1.44,-2.52,300,300
1.48,0.2,34,2,nsp,1.44,-2.4,301,300
1.48,0.24,34,3,nsp,1.44,-2.28,302,300
1.48,0.28,34,4,nsp,1.44,-2.16,304,300
1.48,0.32,34,5,sp,1.44,-2.04,305,300
1.48,0.36,34,6,sp,1.44,-1.92,307,300
1.48,0.4,34,7,sp,1.44,-1.8,309,300
1.48,0.44,34,8,sp,1.44,-1.68,311,300
1.48,0.48,34,9,nsp,1.44,-1.56,313,300
1.52,0.12,35,0,nsp,1.56,-2.64,301,300
1.52,0.16,35,1,nsp,1.56,-2.52,302,300
1.52,0.2,35,2,nsp,1.56,-2.4,303,300
1.52,0.24,35,3,nsp,1.56,-2.28,304,300
1.52,0.28,35,4,nsp,1.56,-2.16,306,300
1.52,0.32,35,5,nsp,1.56,-2.04,307,300
1.52,0.36,35,6,sp,1.56,-1.92,309,300
1.52,0.4,35,7,sp,1.56,-1.8,311,300
1.52,0.44,35,8,sp,1.56,-1.68,313,300
1.56,0.12,36,0,nsp,1.68,-2.64,302,300
1.56,0.16,36,1,nsp,1.68,-2.52,304,300
1.56,0.2,36,2,nsp,1.68,-2.4,305,300
1.56,0.24,36,3,nsp,1.68,-2.28,306,300
1.56,0.28,36,4,nsp,1.68,-2.16,308,300
1.56,0.32,36,5,nsp,1.68,-2.04,309,300
1.56,0.36,36,6,sp,1.68,-1.92,311,300
1.56,0.4,36,7,sp,1.68,-1.8,313,300
1.6,0.12,37,0,nsp,1.8,-2.64,304,300
1.6,0.16,37,1,nsp,1.8,-2.52,306,300
1.6,0.2,37,2,nsp,1.8,-2.4,307,300
1.6,0.24,37,3,nsp,1.8,-2.28,308,300
1.6,0.28,37,4,nsp,1.8,-2.16,310,300
1.6,0.32,37,5,nsp,1.8,-2.04,311,300
1.6,0.36,37,6,nsp,1.8,-1.92,313,300
1.64,0.12,38,0,nsp,1.92,-2.64,306,300
1.64,0.16,38,1,nsp,1.92,-2.52,307,300
1.64,0.2,38,2,nsp,1.92,-2.4,309,300
1.64,0.24,38,3,nsp,1.92,-2.28,310,300
1.64,0.28,38,4,nsp,1.92,-2.16,312,300
1.64,0.32,38,5,nsp,1.92,-2.04,313,300
1.68,0.12,39,0,nsp,2.04,-2.64,308,300
1.68,0.16,39,1,nsp,2.04,-2.52,309,300
1.68,0.2,39,2,nsp,2.04,-2.4,310,300
1.68,0.24,39,3,nsp,2.04,-2.28,312,300
1.68,0.28,39,4,nsp,2.04,-2.16,313,300
1.72,0.12,40,0,nsp,2.16,-2.64,309,300
1.72,0.16,40,1,nsp,2.16,-2.52,311,300
1.72,0.2,40,2,nsp,2.16,-2.4,312,300
1.72,0.24,40,3,nsp,2.16,-2.28,313,300
1.76,0.12,41,0,nsp,2.28,-2.64,311,300
1.76,0.16,41,1,nsp,2.28,-2.52,312,300
1.76,0.2,41,2,nsp,2.28,-2.4,314,300
1.8,0.12,42,0,nsp,2.4,-2.64,312,300
1.8,0.16,42,1,nsp,2.4,-2.52,314,300
1.84,0.12,43,0,nsp,2.52,-2.64,314,300
1.08,0.96,24,21,nsp,0.24,-0.12,333,330
1.12,0.92,25,20,nsp,0.36,-0.24,326,330
1.12,0.96,25,21,nsp,0.36,-0.12,342,330
1.16,0.88,26,19,nsp,0.48,-0.36,323,330
1.16,0.92,26,20,nsp,0.48,-0.24,333,330
1.2,0.84,27,18,nsp,0.6,-0.48,321,330
1.2,0.88,27,19,nsp,0.6,-0.36,329,330
1.2,0.92,27,20,nsp,0.6,-0.24,338,330
1.24,0.8,28,17,nsp,0.72,-0.6,320,330
1.24,0.84,28,18,nsp,0.72,-0.48,326,330
1.24,0.88,28,19,nsp,0.72,-0.36,333,330
1.24,0.92,28,20,nsp,0.72,-0.24,342,330
1.28,0.76,29,16,nsp,0.84,-0.72,319,330
1.28,0.8,29,17,nsp,0.84,-0.6,324,330
1.28,0.84,29,18,nsp,0.84,-0.48,330,330
1.28,0.88,29,19,nsp,0.84,-0.36,337,330
1.28,0.92,29,20,nsp,0.84,-0.24,344,330
1.32,0.72,30,15,nsp,0.96,-0.84,319,330
1.32,0.76,30,16,nsp,0.96,-0.72,323,330
1.32,0.8,30,17,nsp,0.96,-0.6,328,330
1.32,0.84,30,18,nsp,0.96,-0.48,333,330
1.32,0.88,30,19,nsp,0.96,-0.36,339,330
1.36,0.68,31,14,nsp,1.08,-0.96,318,330
1.36,0.72,31,15,nsp,1.08,-0.84,322,330
1.36,0.76,31,16,nsp,1.08,-0.72,326,330
1.36,0.8,31,17,nsp,1.08,-0.6,331,330
1.36,0.84,31,18,nsp,1.08,-0.48,336,330
1.36,0.88,31,19,nsp,1.08,-0.36,342,330
1.4,0.64,32,13,nsp,1.2,-1.08,318,330
1.4,0.68,32,14,nsp,1.2,-0.96,321,330
1.4,0.72,32,15,nsp,1.2,-0.84,325,330
1.4,0.76,32,16,nsp,1.2,-0.72,329,330
1.4,0.8,32,17,nsp,1.2,-0.6,333,330
1.4,0.84,32,18,nsp,1.2,-0.48,338,330
1.4,0.88,32,19,nsp,1.2,-0.36,343,330
1.44,0.6,33,12,nsp,1.32,-1.2,318,330
1.44,0.64,33,13,nsp,1.32,-1.08,321,330
1.44,0.68,33,14,nsp,1.32,-0.96,324,330
1.44,0.72,33,15,nsp,1.32,-0.84,328,330
1.44,0.76,33,16,nsp,1.32,-0.72,331,330
1.44,0.8,33,17,nsp,1.32,-0.6,336,330
1.44,0.84,33,18,nsp,1.32,-0.48,340,330
1.48,0.56,34,11,nsp,1.44,-1.32,317,330
1.48,0.6,34,12,nsp,1.44,-1.2,320,330
1.48,0.64,34,13,nsp,1.44,-1.08,323,330
1.48,0.68,34,14,nsp,1.44,-0.96,326,330
1.48,0.72,34,15,nsp,1.44,-0.84,330,330
1.48,0.76,34,16,nsp,1.44,-0.72,333,330
1.48,0.8,34,17,nsp,1.44,-0.6,337,330
1.48,0.84,34,18,nsp,1.44,-0.48,342,330
1.52,0.52,35,10,nsp,1.56,-1.44,317,330
1.52,0.56,35,11,nsp,1.56,-1.32,320,330
1.52,0.6,35,12,nsp,1.56,-1.2,322,330
1.52,0.64,35,13,nsp,1.56,-1.08,325,330
1.52,0.68,35,14,nsp,1.56,-0.96,328,330
1.52,0.72,35,15,nsp,1.56,-0.84,332,330
1.52,0.76,35,16,nsp,1.56,-0.72,335,330
1.52,0.8,35,17,nsp,1.56,-0.6,339,330
1.52,0.84,35,18,nsp,1.56,-0.48,343,330
1.56,0.48,36,9,sp,1.68,-1.56,317,330
1.56,0.52,36,10,sp,1.68,-1.44,319,330
1.56,0.56,36,11,nsp,1.68,-1.32,322,330
1.56,0.6,36,12,nsp,1.68,-1.2,324,330
1.56,0.64,36,13,nsp,1.68,-1.08,327,330
1.56,0.68,36,14,nsp,1.68,-0.96,330,330
1.56,0.72,36,15,nsp,1.68,-0.84,333,330
1.56,0.76,36,16,nsp,1.68,-0.72,337,330
1.56,0.8,36,17,nsp,1.68,-0.6,340,330
1.56,0.84,36,18,nsp,1.68,-0.48,344,330
1.6,0.44,37,8,sp,1.8,-1.68,317,330
1.6,0.48,37,9,sp,1.8,-1.56,319,330
1.6,0.52,37,10,sp,1.8,-1.44,321,330
1.6,0.56,37,11,sp,1.8,-1.32,324,330
1.6,0.6,37,12,sp,1.8,-1.2,326,330
1.6,0.64,37,13,nsp,1.8,-1.08,329,330
1.6,0.68,37,14,nsp,1.8,-0.96,332,330
1.6,0.72,37,15,nsp,1.8,-0.84,335,330
1.6,0.76,37,16,nsp,1.8,-0.72,338,330
1.6,0.8,37,17,nsp,1.8,-0.6,342,330
1.64,0.4,38,7,nsp,1.92,-1.8,317,330
1.64,0.44,38,8,sp,1.92,-1.68,319,330
1.64,0.48,38,9,sp,1.92,-1.56,321,330
1.64,0.52,38,10,sp,1.92,-1.44,323,330
1.64,0.56,38,11,sp,1.92,-1.32,325,330
1.64,0.6,38,12,sp,1.92,-1.2,328,330
1.64,0.64,38,13,sp,1.92,-1.08,331,330
1.64,0.68,38,14,nsp,1.92,-0.96,333,330
1.64,0.72,38,15,nsp,1.92,-0.84,336,330
1.64,0.76,38,16,nsp,1.92,-0.72,339,330
1.64,0.8,38,17,nsp,1.92,-0.6,343,330
1.68,0.36,39,6,nsp,2.04,-1.92,317,330
1.68,0.4,39,7,nsp,2.04,-1.8,319,330
1.68,0.44,39,8,nsp,2.04,-1.68,321,330
1.68,0.48,39,9,nsp,2.04,-1.56,323,330
1.68,0.52,39,10,sp,2.04,-1.44,325,330
1.68,0.56,39,11,sp,2.04,-1.32,327,330
1.68,0.6,39,12,sp,2.04,-1.2,330,330
1.68,0.64,39,13,sp,2.04,-1.08,332,330
1.68,0.68,39,14,sp,2.04,-0.96,335,330
1.68,0.72,39,15,sp,2.04,-0.84,338,330
1.68,0.76,39,16,sp,2.04,-0.72,341,330
1.68,0.8,39,17,nsp,2.04,-0.6,344,330
1.72,0.32,40,5,nsp,2.16,-2.04,317,330
1.72,0.36,40,6,nsp,2.16,-1.92,318,330
1.72,0.4,40,7,nsp,2.16,-1.8,320,330
1.72,0.44,40,8,nsp,2.16,-1.68,322,330
1.72,0.48,40,9,nsp,2.16,-1.56,324,330
1.72,0.52,40,10,nsp,2.16,-1.44,326,330
1.72,0.56,40,11,sp,2.16,-1.32,329,330
1.72,0.6,40,12,sp,2.16,-1.2,331,330
1.72,0.64,40,13,sp,2.16,-1.08,333,330
1.72,0.68,40,14,sp,2.16,-0.96,336,330
1.72,0.72,40,15,sp,2.16,-0.84,339,330
1.72,0.76,40,16,sp,2.16,-0.72,342,330
1.72,0.8,40,17,sp,2.16,-0.6,344,330
1.76,0.28,41,4,nsp,2.28,-2.16,317,330
1.76,0.32,41,5,nsp,2.28,-2.04,318,330
1.76,0.36,41,6,nsp,2.28,-1.92,320,330
1.76,0.4,41,7,nsp,2.28,-1.8,322,330
1.76,0.44,41,8,nsp,2.28,-1.68,324,330
1.76,0.48,41,9,nsp,2.28,-1.56,326,330
1.76,0.52,41,10,nsp,2.28,-1.44,328,330
1.76,0.56,41,11,nsp,2.28,-1.32,330,330
1.76,0.6,41,12,nsp,2.28,-1.2,332,330
1.76,0.64,41,13,sp,2.28,-1.08,335,330
1.76,0.68,41,14,sp,2.28,-0.96,337,330
1.76,0.72,41,15,sp,2.28,-0.84,340,330
1.76,0.76,41,16,sp,2.28,-0.72,342,330
1.8,0.24,42,3,nsp,2.4,-2.28,316,330
1.8,0.28,42,4,nsp,2.4,-2.16,318,330
1.8,0.32,42,5,nsp,2.4,-2.04,320,330
1.8,0.36,42,6,nsp,2.4,-1.92,321,330
1.8,0.4,42,7,nsp,2.4,-1.8,323,330
1.8,0.44,42,8,nsp,2.4,-1.68,325,330
1.8,0.48,42,9,nsp,2.4,-1.56,327,330
1.8,0.52,42,10,nsp,2.4,-1.44,329,330
1.8,0.56,42,11,nsp,2.4,-1.32,331,330
1.8,0.6,42,12,nsp,2.4,-1.2,333,330
1.8,0.64,42,13,nsp,2.4,-1.08,336,330
1.8,0.68,42,14,nsp,2.4,-0.96,338,330
1.8,0.72,42,15,nsp,2.4,-0.84,341,330
1.8,0.76,42,16,sp,2.4,-0.72,343,330
1.84,0.2,43,2,nsp,2.52,-2.4,316,330
1.84,0.24,43,3,nsp,2.52,-2.28,318,330
1.84,0.28,43,4,nsp,2.52,-2.16,319,330
1.84,0.32,43,5,nsp,2.52,-2.04,321,330
1.84,0.36,43,6,nsp,2.52,-1.92,323,330
1.84,0.4,43,7,nsp,2.52,-1.8,324,330
1.84,0.44,43,8,nsp,2.52,-1.68,326,330
1.84,0.48,43,9,nsp,2.52,-1.56,328,330
1.84,0.52,43,10,nsp,2.52,-1.44,330,330
1.84,0.56,43,11,nsp,2.52,-1.32,332,330
1.84,0.6,43,12,nsp,2.52,-1.2,335,330
1.84,0.64,43,13,nsp,2.52,-1.08,337,330
1.84,0.68,43,14,nsp,2.52,-0.96,339,330
1.84,0.72,43,15,nsp,2.52,-0.84,342,330
1.84,0.76,43,16,nsp,2.52,-0.72,344,330
1.88,0.16,44,1,nsp,2.64,-2.52,316,330
1.88,0.2,44,2,nsp,2.64,-2.4,318,330
1.88,0.24,44,3,nsp,2.64,-2.28,319,330
1.88,0.28,44,4,nsp,2.64,-2.16,321,330
1.88,0.32,44,5,nsp,2.64,-2.04,322,330
1.88,0.36,44,6,nsp,2.64,-1.92,324,330
1.88,0.4,44,7,nsp,2.64,-1.8,326,330
1.88,0.44,44,8,nsp,2.64,-1.68,328,330
1.88,0.48,44,9,nsp,2.64,-1.56,329,330
1.88,0.52,44,10,nsp,2.64,-1.44,331,330
1.88,0.56,44,11,nsp,2.64,-1.32,333,330
1.88,0.6,44,12,nsp,2.64,-1.2,336,330
1.88,0.64,44,13,nsp,2.64,-1.08,338,330
1.88,0.68,44,14,nsp,2.64,-0.96,340,330
1.88,0.72,44,15,nsp,2.64,-0.84,342,330
0.12,0.12,0,0,nsp,-2.64,-2.64,225,NA
0.12,0.76,0,16,nsp,-2.64,-0.72,195,NA
0.12,1.24,0,28,nsp,-2.64,0.72,165,NA
0.12,1.88,0,44,nsp,-2.64,2.64,135,NA
0.16,0.16,1,1,nsp,-2.52,-2.52,225,NA
0.16,1.84,1,43,nsp,-2.52,2.52,135,NA
0.2,0.2,2,2,nsp,-2.4,-2.4,225,NA
0.2,1.8,2,42,nsp,-2.4,2.4,135,NA
0.24,0.24,3,3,nsp,-2.28,-2.28,225,NA
0.24,0.8,3,17,sp,-2.28,-0.6,195,NA
0.24,1.2,3,27,sp,-2.28,0.6,165,NA
0.24,1.76,3,41,nsp,-2.28,2.28,135,NA
0.28,0.28,4,4,nsp,-2.16,-2.16,225,NA
0.28,1.72,4,40,nsp,-2.16,2.16,135,NA
0.32,0.32,5,5,nsp,-2.04,-2.04,225,NA
0.32,1.68,5,39,nsp,-2.04,2.04,135,NA
0.36,0.36,6,6,nsp,-1.92,-1.92,225,NA
0.36,1.64,6,38,nsp,-1.92,1.92,135,NA
0.4,0.4,7,7,sp,-1.8,-1.8,225,NA
0.4,0.84,7,18,nsp,-1.8,-0.48,195,NA
0.4,1.16,7,26,nsp,-1.8,0.48,165,NA
0.4,1.6,7,37,sp,-1.8,1.8,135,NA
0.44,0.44,8,8,sp,-1.68,-1.68,225,NA
0.44,1.56,8,36,sp,-1.68,1.68,135,NA
0.48,0.48,9,9,sp,-1.56,-1.56,225,NA
0.48,1.52,9,35,sp,-1.56,1.56,135,NA
0.52,0.52,10,10,nsp,-1.44,-1.44,225,NA
0.52,1.48,10,34,nsp,-1.44,1.44,135,NA
0.56,0.56,11,11,nsp,-1.32,-1.32,225,NA
0.56,0.88,11,19,nsp,-1.32,-0.36,195,NA
0.56,1.12,11,25,nsp,-1.32,0.36,165,NA
0.56,1.44,11,33,nsp,-1.32,1.32,135,NA
0.6,0.6,12,12,nsp,-1.2,-1.2,225,NA
0.6,1.4,12,32,nsp,-1.2,1.2,135,NA
0.64,0.64,13,13,nsp,-1.08,-1.08,225,NA
0.64,1.36,13,31,nsp,-1.08,1.08,135,NA
0.68,0.68,14,14,nsp,-0.96,-0.96,225,NA
0.68,1.32,14,30,nsp,-0.96,0.96,135,NA
0.72,0.72,15,15,nsp,-0.84,-0.84,225,NA
0.72,1.28,15,29,nsp,-0.84,0.84,135,NA
0.76,0.12,16,0,nsp,-0.72,-2.64,255,NA
0.76,0.76,16,16,nsp,-0.72,-0.72,225,NA
0.76,1.24,16,28,nsp,-0.72,0.72,135,NA
0.76,1.88,16,44,nsp,-0.72,2.64,105,NA
0.8,0.24,17,3,sp,-0.6,-2.28,255,NA
0.8,0.8,17,17,nsp,-0.6,-0.6,225,NA
0.8,1.2,17,27,nsp,-0.6,0.6,135,NA
0.8,1.76,17,41,sp,-0.6,2.28,105,NA
0.84,0.4,18,7,nsp,-0.48,-1.8,255,NA
0.84,0.84,18,18,nsp,-0.48,-0.48,225,NA
0.84,1.16,18,26,nsp,-0.48,0.48,135,NA
0.84,1.6,18,37,nsp,-0.48,1.8,105,NA
0.88,0.56,19,11,nsp,-0.36,-1.32,255,NA
0.88,0.88,19,19,nsp,-0.36,-0.36,225,NA
0.88,1.12,19,25,nsp,-0.36,0.36,135,NA
0.88,1.44,19,33,nsp,-0.36,1.32,105,NA
0.92,0.92,20,20,nsp,-0.24,-0.24,225,NA
0.92,1.08,20,24,nsp,-0.24,0.24,135,NA
0.96,0.96,21,21,nsp,-0.12,-0.12,225,NA
0.96,1.04,21,23,nsp,-0.12,0.12,135,NA
1,1,22,22,nsp,-4.44E-16,-4.44E-16,225,NA
1.04,0.96,23,21,nsp,0.12,-0.12,315,NA
1.04,1.04,23,23,nsp,0.12,0.12,45,NA
1.08,0.92,24,20,nsp,0.24,-0.24,315,NA
1.08,1.08,24,24,nsp,0.24,0.24,45,NA
1.12,0.56,25,11,nsp,0.36,-1.32,285,NA
1.12,0.88,25,19,nsp,0.36,-0.36,315,NA
1.12,1.12,25,25,nsp,0.36,0.36,45,NA
1.12,1.44,25,33,nsp,0.36,1.32,75,NA
1.16,0.4,26,7,nsp,0.48,-1.8,285,NA
1.16,0.84,26,18,nsp,0.48,-0.48,315,NA
1.16,1.16,26,26,nsp,0.48,0.48,45,NA
1.16,1.6,26,37,nsp,0.48,1.8,75,NA
1.2,0.24,27,3,sp,0.6,-2.28,285,NA
1.2,0.8,27,17,nsp,0.6,-0.6,315,NA
1.2,1.2,27,27,nsp,0.6,0.6,45,NA
1.2,1.76,27,41,sp,0.6,2.28,75,NA
1.24,0.12,28,0,nsp,0.72,-2.64,285,NA
1.24,0.76,28,16,nsp,0.72,-0.72,315,NA
1.24,1.24,28,28,nsp,0.72,0.72,45,NA
1.24,1.88,28,44,nsp,0.72,2.64,75,NA
1.28,0.72,29,15,nsp,0.84,-0.84,315,NA
1.28,1.28,29,29,nsp,0.84,0.84,45,NA
1.32,0.68,30,14,nsp,0.96,-0.96,315,NA
1.32,1.32,30,30,nsp,0.96,0.96,45,NA
1.36,0.64,31,13,nsp,1.08,-1.08,315,NA
1.36,1.36,31,31,nsp,1.08,1.08,45,NA
1.4,0.6,32,12,nsp,1.2,-1.2,315,NA
1.4,1.4,32,32,nsp,1.2,1.2,45,NA
1.44,0.56,33,11,nsp,1.32,-1.32,315,NA
1.44,0.88,33,19,nsp,1.32,-0.36,345,NA
1.44,1.12,33,25,nsp,1.32,0.36,15,NA
1.44,1.44,33,33,nsp,1.32,1.32,45,NA
1.48,0.52,34,10,nsp,1.44,-1.44,315,NA
1.48,1.48,34,34,nsp,1.44,1.44,45,NA
1.52,0.48,35,9,sp,1.56,-1.56,315,NA
1.52,1.52,35,35,sp,1.56,1.56,45,NA
1.56,0.44,36,8,sp,1.68,-1.68,315,NA
1.56,1.56,36,36,sp,1.68,1.68,45,NA
1.6,0.4,37,7,sp,1.8,-1.8,315,NA
1.6,0.84,37,18,nsp,1.8,-0.48,345,NA
1.6,1.16,37,26,nsp,1.8,0.48,15,NA
1.6,1.6,37,37,sp,1.8,1.8,45,NA
1.64,0.36,38,6,nsp,1.92,-1.92,315,NA
1.64,1.64,38,38,nsp,1.92,1.92,45,NA
1.68,0.32,39,5,nsp,2.04,-2.04,315,NA
1.68,1.68,39,39,nsp,2.04,2.04,45,NA
1.72,0.28,40,4,nsp,2.16,-2.16,315,NA
1.72,1.72,40,40,nsp,2.16,2.16,45,NA
1.76,0.24,41,3,nsp,2.28,-2.28,315,NA
1.76,0.8,41,17,sp,2.28,-0.6,345,NA
1.76,1.2,41,27,sp,2.28,0.6,15,NA
1.76,1.76,41,41,nsp,2.28,2.28,45,NA
1.8,0.2,42,2,nsp,2.4,-2.4,315,NA
1.8,1.8,42,42,nsp,2.4,2.4,45,NA
1.84,0.16,43,1,nsp,2.52,-2.52,315,NA
1.84,1.84,43,43,nsp,2.52,2.52,45,NA
1.88,0.12,44,0,nsp,2.64,-2.64,315,NA
1.88,0.76,44,16,nsp,2.64,-0.72,345,NA
1.88,1.24,44,28,nsp,2.64,0.72,15,NA
1.88,1.88,44,44,nsp,2.64,2.64,45,NA
1,1,22.5,22.5,nsp,0,0,NA,NA